Nome,Exercício 1,Exercício 2,Exercício 3,Exercício 4,Exercício 5
Aluno_1,6,13,15,20,13
Aluno_2,19,18,5,19,17
Aluno_3,14,10,6,19,13
Aluno_4,10,12,11,3,4
Aluno_5,7,13,8,10,20
Aluno_6,20,12,10,12,13
Aluno_7,6,0,9,8,7
Aluno_8,18,7,20,3,14
Aluno_9,10,11,0,11,14
Aluno_10,10,18,17,8,18
Aluno_11,20,11,3,12,19
Aluno_12,3,7,4,15,5
Aluno_13,7,7,8,5,18
Aluno_14,2,20,16,9,7
Aluno_15,20,12,2,12,5
Aluno_16,1,11,15,6,19
Aluno_17,11,15,4,18,14
Aluno_18,5,0,15,18,2
Aluno_19,1,12,2,16,9
Aluno_20,20,6,19,12,14
Aluno_21,0,4,14,12,15
Aluno_22,11,7,2,20,16
Aluno_23,11,13,19,1,18
Aluno_24,16,12,13,9,10
Aluno_25,9,14,15,12,15
Aluno_26,15,16,16,8,4
Aluno_27,14,14,19,0,4
Aluno_28,14,19,17,13,13
Aluno_29,18,17,17,15,17
Aluno_30,11,17,13,19,7
Aluno_31,19,1,17,14,4
Aluno_32,2,3,14,0,6
Aluno_33,4,0,14,16,15
Aluno_34,18,3,5,12,13
Aluno_35,6,17,14,14,4
Aluno_36,20,4,17,15,8
Aluno_37,8,18,3,15,3
Aluno_38,6,14,7,1,3
Aluno_39,17,7,14,16,15
Aluno_40,3,19,2,10,16
Aluno_41,13,16,14,7,14
Aluno_42,17,0,12,19,3
Aluno_43,8,11,8,2,5
Aluno_44,20,18,1,11,15
Aluno_45,1,14,7,19,3
Aluno_46,19,8,19,15,5
Aluno_47,14,6,16,13,4
Aluno_48,6,1,12,15,15
Aluno_49,11,8,0,20,15
Aluno_50,7,9,1,16,9
Aluno_51,14,1,14,10,8
Aluno_52,2,18,11,16,3
Aluno_53,13,10,13,18,13
Aluno_54,16,12,1,0,3
Aluno_55,3,9,17,11,11
Aluno_56,17,13,6,14,9
Aluno_57,7,17,5,17,3
Aluno_58,3,18,13,13,17
Aluno_59,1,8,7,0,12
Aluno_60,5,6,1,12,12
Aluno_61,9,2,16,14,13
Aluno_62,3,19,4,6,17
Aluno_63,17,5,13,14,0
Aluno_64,11,20,19,19,20
Aluno_65,1,1,20,9,15
Aluno_66,9,5,20,13,14
Aluno_67,3,2,2,5,4
Aluno_68,13,15,4,13,5
Aluno_69,15,7,15,11,5
Aluno_70,14,1,17,10,2
Aluno_71,7,16,16,19,15
Aluno_72,13,8,10,18,11
Aluno_73,7,11,16,1,3
Aluno_74,20,2,15,19,0
Aluno_75,15,10,1,0,3
Aluno_76,12,0,3,7,0
Aluno_77,17,12,20,13,20
Aluno_78,14,14,6,8,7
Aluno_79,20,4,1,1,4
Aluno_80,12,20,5,4,1
Aluno_81,8,16,16,7,11
Aluno_82,14,5,6,15,16
Aluno_83,12,20,4,15,6
Aluno_84,0,10,4,12,10
Aluno_85,6,17,19,19,3
Aluno_86,8,3,15,14,4
Aluno_87,0,2,18,0,5
Aluno_88,11,12,8,2,10
Aluno_89,7,8,4,5,0
Aluno_90,10,20,7,13,9
Aluno_91,18,5,8,3,19
Aluno_92,16,11,4,17,20
Aluno_93,7,1,9,14,10
Aluno_94,2,2,1,8,16
Aluno_95,2,2,8,17,7
Aluno_96,0,11,10,2,12
Aluno_97,4,14,3,9,19
Aluno_98,9,8,1,16,17
Aluno_99,6,7,5,6,15
Aluno_100,8,10,13,14,1
Aluno_101,6,15,0,0,4
Aluno_102,8,3,17,10,17
Aluno_103,7,0,6,16,2
Aluno_104,11,6,0,4,16
Aluno_105,1,1,0,6,15
Aluno_106,0,4,0,18,5
Aluno_107,15,6,3,14,18
Aluno_108,4,3,3,2,6
Aluno_109,2,4,17,14,17
Aluno_110,11,0,10,4,13
Aluno_111,7,0,0,11,5
Aluno_112,2,14,9,19,7
Aluno_113,0,19,8,4,14
Aluno_114,2,18,3,2,14
Aluno_115,4,9,5,8,14
Aluno_116,14,17,15,8,15
Aluno_117,13,2,1,6,0
Aluno_118,2,10,17,1,10
Aluno_119,0,14,9,20,4
Aluno_120,4,10,16,15,4
Aluno_121,13,16,12,8,20
Aluno_122,6,16,17,12,5
Aluno_123,8,5,12,18,1
Aluno_124,14,4,16,19,5
Aluno_125,14,7,4,16,13
Aluno_126,9,1,10,5,10
Aluno_127,12,15,6,3,3
Aluno_128,18,19,9,0,8
Aluno_129,6,11,16,17,2
Aluno_130,16,5,14,18,15
Aluno_131,19,0,17,8,10
Aluno_132,3,3,18,12,3
Aluno_133,4,16,1,7,0
Aluno_134,6,12,3,12,20
Aluno_135,12,17,2,14,15
Aluno_136,14,4,6,10,18
Aluno_137,10,2,17,11,15
Aluno_138,3,10,9,13,10
Aluno_139,12,12,6,3,7
Aluno_140,6,3,7,0,0
Aluno_141,18,13,5,3,20
Aluno_142,1,10,0,18,8
Aluno_143,9,9,3,8,11
Aluno_144,12,18,13,9,7
Aluno_145,20,17,16,3,16
Aluno_146,5,5,19,19,9
Aluno_147,11,14,17,8,6
Aluno_148,11,20,10,12,18
Aluno_149,19,9,20,11,5
Aluno_150,10,4,13,10,20
Aluno_151,6,4,8,11,18
Aluno_152,0,9,14,17,17
Aluno_153,0,4,11,11,14
Aluno_154,19,2,9,15,1
Aluno_155,12,5,18,4,13
Aluno_156,8,3,18,19,20
Aluno_157,2,17,5,11,9
Aluno_158,6,8,19,20,15
Aluno_159,5,16,5,10,6
Aluno_160,7,12,7,8,7
Aluno_161,8,14,0,17,9
Aluno_162,4,19,16,2,14
Aluno_163,0,16,16,19,7
Aluno_164,18,12,14,16,12
Aluno_165,9,15,6,13,11
Aluno_166,11,3,18,0,7
Aluno_167,14,4,2,16,14
Aluno_168,8,4,10,7,11
Aluno_169,19,8,19,4,10
Aluno_170,16,16,18,4,18
Aluno_171,16,12,8,8,13
Aluno_172,19,1,9,2,17
Aluno_173,11,12,1,18,12
Aluno_174,6,20,0,8,3
Aluno_175,1,18,15,17,16
Aluno_176,2,2,17,15,18
Aluno_177,16,9,16,0,8
Aluno_178,4,1,5,1,6
Aluno_179,16,12,13,13,0
Aluno_180,16,18,14,13,6
Aluno_181,16,16,13,0,6
Aluno_182,1,20,2,15,19
Aluno_183,1,13,18,14,6
Aluno_184,4,11,11,14,7
Aluno_185,0,20,1,11,15
Aluno_186,0,11,2,15,2
Aluno_187,18,10,17,13,12
Aluno_188,1,6,0,14,9
Aluno_189,20,3,19,14,17
Aluno_190,11,18,20,18,6
Aluno_191,5,0,5,7,20
Aluno_192,3,2,4,1,20
Aluno_193,10,12,0,1,4
Aluno_194,16,14,18,9,6
Aluno_195,5,1,0,2,16
Aluno_196,4,10,20,16,3
Aluno_197,19,3,20,7,15
Aluno_198,1,18,15,3,18
Aluno_199,5,16,11,13,9
Aluno_200,10,2,7,20,2
Aluno_201,15,17,15,9,2
Aluno_202,15,7,0,0,16
Aluno_203,0,18,3,3,9
Aluno_204,8,4,9,0,16
Aluno_205,5,6,10,16,16
Aluno_206,15,20,16,16,20
Aluno_207,2,7,6,6,3
Aluno_208,19,4,11,19,20
Aluno_209,3,16,20,14,5
Aluno_210,18,4,6,12,11
Aluno_211,2,3,11,1,19
Aluno_212,18,18,14,18,16
Aluno_213,19,20,1,12,16
Aluno_214,6,1,13,10,9
Aluno_215,19,10,12,14,6
Aluno_216,8,12,3,9,15
Aluno_217,0,14,13,8,12
Aluno_218,7,11,13,8,2
Aluno_219,6,20,15,19,1
Aluno_220,17,10,6,0,15
Aluno_221,7,6,18,16,5
Aluno_222,0,4,1,11,5
Aluno_223,10,16,9,9,12
Aluno_224,17,19,17,4,6
Aluno_225,9,8,16,17,4
Aluno_226,2,13,4,14,6
Aluno_227,6,11,11,5,1
Aluno_228,15,5,5,6,16
Aluno_229,15,16,8,16,12
Aluno_230,19,18,19,5,20
Aluno_231,16,18,0,7,20
Aluno_232,1,15,14,11,15
Aluno_233,0,11,20,20,19
Aluno_234,15,11,5,13,1
Aluno_235,11,19,18,11,4
Aluno_236,4,5,17,9,17
Aluno_237,4,3,5,19,6
Aluno_238,8,5,12,14,10
Aluno_239,8,10,0,6,10
Aluno_240,2,0,12,8,16
Aluno_241,18,14,6,9,15
Aluno_242,15,10,14,9,12
Aluno_243,15,18,11,15,4
Aluno_244,2,17,0,6,19
Aluno_245,19,16,14,4,15
Aluno_246,0,18,3,2,15
Aluno_247,19,20,12,17,15
Aluno_248,10,13,4,10,13
Aluno_249,16,17,1,14,5
Aluno_250,7,18,0,20,1
Aluno_251,3,14,15,19,13
Aluno_252,5,14,5,4,15
Aluno_253,7,3,15,11,19
Aluno_254,19,6,13,3,12
Aluno_255,2,12,2,14,14
Aluno_256,15,2,14,8,11
Aluno_257,2,15,2,6,8
Aluno_258,17,8,1,9,17
Aluno_259,13,7,0,12,20
Aluno_260,17,19,8,7,13
Aluno_261,1,12,8,11,19
Aluno_262,2,16,6,18,3
Aluno_263,15,16,2,0,7
Aluno_264,8,16,17,15,7
Aluno_265,3,0,10,16,15
Aluno_266,0,7,6,17,9
Aluno_267,3,18,8,10,20
Aluno_268,0,5,0,17,16
Aluno_269,13,2,13,6,0
Aluno_270,20,4,19,17,17
Aluno_271,15,12,5,7,9
Aluno_272,19,14,6,5,20
Aluno_273,7,13,9,6,3
Aluno_274,6,15,6,9,0
Aluno_275,2,17,1,10,3
Aluno_276,16,10,3,12,3
Aluno_277,0,2,20,8,3
Aluno_278,15,9,16,6,16
Aluno_279,11,9,0,8,8
Aluno_280,18,20,9,12,18
Aluno_281,13,15,18,2,12
Aluno_282,5,11,14,2,3
Aluno_283,5,1,9,0,4
Aluno_284,12,8,18,20,12
Aluno_285,18,2,11,19,15
Aluno_286,7,14,15,1,4
Aluno_287,1,2,8,2,7
Aluno_288,20,18,14,14,15
Aluno_289,0,17,16,5,0
Aluno_290,14,7,13,12,5
Aluno_291,0,16,17,20,10
Aluno_292,4,7,1,0,15
Aluno_293,15,6,3,19,4
Aluno_294,18,6,17,18,15
Aluno_295,3,2,6,0,6
Aluno_296,2,0,12,20,18
Aluno_297,16,3,14,1,0
Aluno_298,16,4,0,14,8
Aluno_299,11,0,10,13,17
Aluno_300,13,14,9,18,12
Aluno_301,20,4,4,10,14
Aluno_302,5,12,15,14,2
Aluno_303,2,7,10,5,9
Aluno_304,8,7,20,19,8
Aluno_305,4,4,5,8,12
Aluno_306,16,8,8,4,15
Aluno_307,13,0,12,19,2
Aluno_308,20,3,7,1,14
Aluno_309,2,2,13,5,16
Aluno_310,0,1,0,17,13
Aluno_311,19,7,16,18,6
Aluno_312,20,8,4,8,19
Aluno_313,0,1,1,20,15
Aluno_314,2,13,8,5,20
Aluno_315,17,13,3,13,7
Aluno_316,9,3,16,12,3
Aluno_317,2,5,16,10,19
Aluno_318,7,10,20,11,14
Aluno_319,13,2,17,18,4
Aluno_320,17,7,15,18,12
Aluno_321,14,2,7,20,5
Aluno_322,1,13,10,18,4
Aluno_323,9,12,20,12,16
Aluno_324,1,12,20,13,6
Aluno_325,16,1,17,17,5
Aluno_326,7,12,9,11,1
Aluno_327,0,18,12,3,10
Aluno_328,8,5,16,9,6
Aluno_329,10,15,17,16,20
Aluno_330,15,1,9,3,7
Aluno_331,6,7,15,11,4
Aluno_332,9,16,19,12,17
Aluno_333,2,1,4,3,15
Aluno_334,17,9,12,9,13
Aluno_335,12,15,17,2,11
Aluno_336,6,5,16,14,16
Aluno_337,3,1,8,1,4
Aluno_338,12,1,13,16,13
Aluno_339,19,12,16,5,5
Aluno_340,0,14,3,7,14
Aluno_341,7,1,17,2,6
Aluno_342,13,6,19,17,13
Aluno_343,15,2,14,0,17
Aluno_344,13,7,10,15,0
Aluno_345,11,13,11,6,5
Aluno_346,18,6,8,2,2
Aluno_347,14,20,12,3,4
Aluno_348,1,6,14,8,11
Aluno_349,1,0,14,4,10
Aluno_350,18,16,4,18,12
Aluno_351,16,8,18,14,15
Aluno_352,19,20,19,7,17
Aluno_353,9,12,13,5,16
Aluno_354,5,20,16,17,16
Aluno_355,14,18,17,18,10
Aluno_356,10,20,20,14,19
Aluno_357,4,18,2,6,9
Aluno_358,0,16,1,9,15
Aluno_359,7,9,0,5,1
Aluno_360,20,9,9,13,16
Aluno_361,11,3,18,16,19
Aluno_362,11,7,16,8,9
Aluno_363,4,19,11,18,12
Aluno_364,6,19,0,4,11
Aluno_365,3,17,11,6,14
Aluno_366,5,13,16,18,6
Aluno_367,12,17,2,19,20
Aluno_368,19,13,10,6,12
Aluno_369,14,19,16,1,11
Aluno_370,2,20,2,15,11
Aluno_371,7,14,7,12,1
Aluno_372,19,3,19,7,4
Aluno_373,15,12,3,5,1
Aluno_374,12,7,20,5,19
Aluno_375,17,17,6,8,12
Aluno_376,9,11,13,3,2
Aluno_377,18,13,13,10,10
Aluno_378,16,1,3,4,15
Aluno_379,18,17,15,16,0
Aluno_380,4,1,0,19,18
Aluno_381,20,10,16,6,10
Aluno_382,8,8,9,14,8
Aluno_383,11,11,15,14,13
Aluno_384,20,16,15,13,8
Aluno_385,0,14,7,12,6
Aluno_386,0,16,6,10,15
Aluno_387,14,17,5,12,2
Aluno_388,1,5,15,8,18
Aluno_389,15,16,19,9,3
Aluno_390,7,17,15,3,6
Aluno_391,12,7,6,16,11
Aluno_392,20,8,8,13,17
Aluno_393,0,5,13,17,4
Aluno_394,15,4,10,10,9
Aluno_395,6,11,13,15,11
Aluno_396,4,10,6,0,7
Aluno_397,2,0,0,6,18
Aluno_398,11,10,12,9,14
Aluno_399,15,18,19,8,0
Aluno_400,18,8,2,2,2
Aluno_401,4,1,19,13,17
Aluno_402,13,11,3,14,17
Aluno_403,4,3,10,1,1
Aluno_404,14,3,1,13,4
Aluno_405,16,17,13,15,0
Aluno_406,13,14,11,6,9
Aluno_407,19,18,16,3,19
Aluno_408,4,12,11,17,9
Aluno_409,11,18,11,4,4
Aluno_410,15,16,0,5,17
Aluno_411,15,5,12,6,20
Aluno_412,20,15,13,14,14
Aluno_413,6,11,1,0,19
Aluno_414,3,18,11,3,7
Aluno_415,0,4,20,0,16
Aluno_416,4,16,15,10,11
Aluno_417,9,0,3,17,20
Aluno_418,4,9,7,13,11
Aluno_419,3,14,1,10,0
Aluno_420,1,20,9,9,3
Aluno_421,19,20,8,16,7
Aluno_422,9,10,14,3,0
Aluno_423,18,12,12,14,14
Aluno_424,0,4,16,15,17
Aluno_425,4,0,15,20,0
Aluno_426,12,11,1,12,10
Aluno_427,3,10,19,8,1
Aluno_428,15,16,19,10,0
Aluno_429,15,3,13,10,11
Aluno_430,1,14,2,5,15
Aluno_431,16,8,11,0,9
Aluno_432,19,20,7,5,17
Aluno_433,11,19,1,12,14
Aluno_434,17,18,3,4,16
Aluno_435,2,18,13,14,9
Aluno_436,0,11,15,17,2
Aluno_437,0,4,18,19,20
Aluno_438,18,9,1,13,15
Aluno_439,10,16,11,14,5
Aluno_440,4,4,13,4,2
Aluno_441,11,15,5,3,8
Aluno_442,2,6,12,1,10
Aluno_443,0,8,3,6,20
Aluno_444,0,2,17,9,12
Aluno_445,7,14,11,15,17
Aluno_446,9,15,19,9,3
Aluno_447,10,17,20,17,7
Aluno_448,11,13,18,16,12
Aluno_449,12,2,7,20,9
Aluno_450,11,11,6,12,1
Aluno_451,13,8,15,0,7
Aluno_452,1,6,18,0,5
Aluno_453,18,8,5,14,15
Aluno_454,17,12,19,0,17
Aluno_455,2,17,20,5,16
Aluno_456,16,4,10,12,5
Aluno_457,7,12,4,0,12
Aluno_458,9,3,15,4,13
Aluno_459,1,1,6,8,20
Aluno_460,18,15,4,16,9
Aluno_461,8,8,10,15,10
Aluno_462,6,8,14,7,12
Aluno_463,3,5,2,16,11
Aluno_464,20,10,4,14,8
Aluno_465,17,0,20,0,3
Aluno_466,12,3,4,11,6
Aluno_467,10,12,8,4,1
Aluno_468,3,12,14,5,6
Aluno_469,20,12,2,0,8
Aluno_470,3,1,5,0,4
Aluno_471,9,8,16,9,14
Aluno_472,4,7,20,9,17
Aluno_473,8,6,7,2,3
Aluno_474,2,3,20,16,18
Aluno_475,16,17,10,18,19
Aluno_476,2,2,5,10,6
Aluno_477,15,5,7,17,7
Aluno_478,3,11,9,1,16
Aluno_479,17,11,2,8,12
Aluno_480,16,20,13,16,20
Aluno_481,6,7,13,13,10
Aluno_482,4,0,9,3,0
Aluno_483,11,3,11,16,1
Aluno_484,16,20,5,16,16
Aluno_485,12,10,11,11,4
Aluno_486,2,2,13,19,5
Aluno_487,8,12,1,17,6
Aluno_488,16,16,8,2,20
Aluno_489,16,9,9,10,14
Aluno_490,19,20,16,17,18
Aluno_491,15,11,16,3,15
Aluno_492,12,14,2,16,12
Aluno_493,18,20,18,17,4
Aluno_494,16,9,0,4,2
Aluno_495,3,13,11,13,2
Aluno_496,11,12,6,9,18
Aluno_497,8,4,3,14,13
Aluno_498,18,5,9,0,15
Aluno_499,11,1,12,15,16
Aluno_500,8,16,1,10,3
Aluno_501,6,3,9,19,12
Aluno_502,13,13,20,5,7
Aluno_503,19,9,3,15,18
Aluno_504,18,2,17,1,4
Aluno_505,14,2,4,0,1
Aluno_506,15,14,18,8,14
Aluno_507,20,5,1,11,1
Aluno_508,4,16,11,16,10
Aluno_509,2,11,16,14,12
Aluno_510,11,19,9,18,9
Aluno_511,19,10,1,9,2
Aluno_512,20,3,5,11,4
Aluno_513,3,5,7,13,2
Aluno_514,20,0,18,8,5
Aluno_515,15,19,10,12,12
Aluno_516,6,15,11,2,9
Aluno_517,12,14,8,20,18
Aluno_518,20,16,1,13,7
Aluno_519,9,7,7,20,17
Aluno_520,6,11,10,9,2
Aluno_521,13,20,20,15,16
Aluno_522,4,9,3,6,7
Aluno_523,2,14,9,3,9
Aluno_524,10,8,20,19,1
Aluno_525,10,1,19,10,11
Aluno_526,17,4,15,15,5
Aluno_527,14,5,7,19,1
Aluno_528,11,6,3,3,20
Aluno_529,8,20,9,16,2
Aluno_530,9,0,11,12,16
Aluno_531,11,6,13,10,6
Aluno_532,16,19,15,2,20
Aluno_533,5,11,17,8,4
Aluno_534,6,15,20,5,0
Aluno_535,13,15,20,20,7
Aluno_536,12,10,11,10,11
Aluno_537,7,20,17,15,13
Aluno_538,9,3,6,18,15
Aluno_539,8,12,19,4,9
Aluno_540,17,6,6,13,14
Aluno_541,1,3,8,16,20
Aluno_542,4,14,0,2,14
Aluno_543,4,18,5,3,9
Aluno_544,5,8,5,15,20
Aluno_545,18,10,11,15,6
Aluno_546,7,7,11,20,2
Aluno_547,15,0,9,3,1
Aluno_548,12,7,5,18,5
Aluno_549,0,12,16,16,20
Aluno_550,19,3,18,12,8
Aluno_551,16,7,17,0,9
Aluno_552,6,2,5,11,3
Aluno_553,12,8,18,3,2
Aluno_554,3,1,9,10,8
Aluno_555,3,1,7,4,16
Aluno_556,5,12,20,1,13
Aluno_557,18,14,5,16,9
Aluno_558,11,11,20,7,12
Aluno_559,6,3,6,5,11
Aluno_560,9,7,0,20,0
Aluno_561,18,8,17,8,18
Aluno_562,6,4,19,12,18
Aluno_563,2,19,11,10,5
Aluno_564,12,17,15,15,12
Aluno_565,12,10,9,15,18
Aluno_566,17,14,9,1,12
Aluno_567,19,8,13,9,20
Aluno_568,7,16,19,11,3
Aluno_569,8,11,9,7,1
Aluno_570,6,6,9,10,14
Aluno_571,0,9,10,9,11
Aluno_572,2,9,1,12,6
Aluno_573,12,12,19,16,19
Aluno_574,16,18,7,6,17
Aluno_575,0,10,6,2,12
Aluno_576,5,12,7,19,16
Aluno_577,20,20,0,12,3
Aluno_578,5,7,20,18,13
Aluno_579,11,7,1,6,19
Aluno_580,12,3,17,8,12
Aluno_581,12,14,14,18,2
Aluno_582,14,10,0,12,17
Aluno_583,20,10,4,7,13
Aluno_584,15,0,1,17,14
Aluno_585,20,16,19,1,2
Aluno_586,10,14,2,17,0
Aluno_587,4,19,18,17,16
Aluno_588,3,5,17,10,2
Aluno_589,2,14,17,0,13
Aluno_590,18,8,13,13,2
Aluno_591,19,13,7,15,12
Aluno_592,17,17,11,10,14
Aluno_593,14,16,20,0,17
Aluno_594,8,17,9,6,13
Aluno_595,16,4,19,15,20
Aluno_596,13,19,16,13,2
Aluno_597,14,19,10,14,18
Aluno_598,0,8,1,13,7
Aluno_599,20,10,3,20,3
Aluno_600,2,0,0,10,3
Aluno_601,15,17,14,15,18
Aluno_602,10,5,12,18,10
Aluno_603,11,1,7,16,0
Aluno_604,9,14,3,5,7
Aluno_605,15,20,9,10,14
Aluno_606,7,13,18,16,0
Aluno_607,5,4,17,8,6
Aluno_608,11,5,4,17,20
Aluno_609,20,5,18,16,19
Aluno_610,7,17,15,11,19
Aluno_611,3,13,0,4,10
Aluno_612,7,9,11,10,13
Aluno_613,17,13,1,3,15
Aluno_614,4,12,20,3,13
Aluno_615,8,2,7,2,11
Aluno_616,3,5,17,16,16
Aluno_617,16,7,15,6,13
Aluno_618,8,11,4,3,9
Aluno_619,0,12,12,12,13
Aluno_620,20,10,18,11,17
Aluno_621,19,11,2,0,8
Aluno_622,12,0,7,20,16
Aluno_623,15,16,11,18,5
Aluno_624,12,15,1,20,7
Aluno_625,13,10,10,19,12
Aluno_626,2,12,11,17,17
Aluno_627,5,17,17,10,4
Aluno_628,17,10,12,19,5
Aluno_629,18,11,4,2,20
Aluno_630,4,5,11,16,18
Aluno_631,14,8,1,11,3
Aluno_632,1,15,4,9,6
Aluno_633,9,3,6,7,3
Aluno_634,17,2,11,14,10
Aluno_635,12,15,15,4,11
Aluno_636,4,11,7,3,13
Aluno_637,0,10,8,20,12
Aluno_638,0,4,14,19,9
Aluno_639,17,17,4,18,17
Aluno_640,14,18,12,20,15
Aluno_641,16,5,4,3,4
Aluno_642,10,17,10,14,7
Aluno_643,20,5,9,16,13
Aluno_644,16,3,19,11,4
Aluno_645,12,11,12,2,7
Aluno_646,0,18,8,9,5
Aluno_647,1,1,20,14,15
Aluno_648,8,16,13,9,3
Aluno_649,2,10,17,17,11
Aluno_650,0,10,14,0,10
Aluno_651,20,20,9,2,2
Aluno_652,15,15,6,20,11
Aluno_653,5,1,7,11,4
Aluno_654,16,1,2,0,5
Aluno_655,4,7,14,2,18
Aluno_656,4,12,15,2,17
Aluno_657,5,9,3,4,15
Aluno_658,2,7,20,18,10
Aluno_659,20,3,5,0,4
Aluno_660,4,14,0,3,8
Aluno_661,20,0,3,3,2
Aluno_662,4,10,10,16,7
Aluno_663,9,6,11,13,5
Aluno_664,9,16,4,17,3
Aluno_665,18,19,20,0,11
Aluno_666,16,17,15,15,11
Aluno_667,20,11,12,2,20
Aluno_668,13,8,12,20,15
Aluno_669,8,4,16,8,9
Aluno_670,13,9,6,3,13
Aluno_671,0,3,7,20,12
Aluno_672,18,4,12,4,8
Aluno_673,12,9,15,10,6
Aluno_674,12,10,3,20,11
Aluno_675,3,20,7,8,4
Aluno_676,0,9,15,2,17
Aluno_677,16,7,20,5,3
Aluno_678,7,1,9,10,1
Aluno_679,1,7,11,8,2
Aluno_680,7,15,11,14,11
Aluno_681,6,4,4,2,2
Aluno_682,1,2,15,0,3
Aluno_683,2,11,0,19,5
Aluno_684,17,12,8,18,11
Aluno_685,11,12,11,13,18
Aluno_686,0,9,4,16,9
Aluno_687,11,3,19,13,0
Aluno_688,4,8,2,16,16
Aluno_689,16,1,4,13,15
Aluno_690,15,18,1,11,8
Aluno_691,14,0,13,15,20
Aluno_692,14,6,1,0,8
Aluno_693,4,16,12,12,8
Aluno_694,20,2,6,5,11
Aluno_695,13,19,9,16,8
Aluno_696,1,19,12,11,14
Aluno_697,10,20,15,18,1
Aluno_698,18,2,13,5,10
Aluno_699,6,2,10,6,10
Aluno_700,5,16,9,0,7
Aluno_701,1,6,5,0,5
Aluno_702,5,13,3,4,20
Aluno_703,17,16,20,5,19
Aluno_704,1,17,0,15,6
Aluno_705,17,12,6,15,2
Aluno_706,14,19,8,13,7
Aluno_707,18,19,7,0,17
Aluno_708,1,20,4,12,16
Aluno_709,19,17,18,19,10
Aluno_710,5,3,9,9,1
Aluno_711,0,0,10,9,20
Aluno_712,14,17,14,8,18
Aluno_713,9,0,5,12,6
Aluno_714,18,12,14,2,17
Aluno_715,16,19,4,17,7
Aluno_716,4,19,18,19,13
Aluno_717,3,9,18,1,6
Aluno_718,9,10,9,16,20
Aluno_719,16,8,11,18,3
Aluno_720,9,8,3,12,16
Aluno_721,16,4,17,12,4
Aluno_722,19,0,15,0,11
Aluno_723,4,16,7,1,8
Aluno_724,1,1,3,0,19
Aluno_725,5,12,11,4,12
Aluno_726,20,8,1,2,17
Aluno_727,1,3,3,6,19
Aluno_728,12,4,4,12,8
Aluno_729,10,10,2,17,3
Aluno_730,10,18,8,20,20
Aluno_731,15,20,20,6,7
Aluno_732,10,2,17,0,0
Aluno_733,18,11,10,4,16
Aluno_734,14,18,2,16,8
Aluno_735,15,18,1,7,19
Aluno_736,10,12,8,14,12
Aluno_737,15,6,13,19,1
Aluno_738,7,14,3,3,12
Aluno_739,3,6,8,1,8
Aluno_740,7,7,12,4,19
Aluno_741,3,4,17,0,5
Aluno_742,2,20,14,4,0
Aluno_743,2,13,9,5,4
Aluno_744,17,3,15,1,2
Aluno_745,18,9,11,0,3
Aluno_746,18,19,19,3,0
Aluno_747,20,14,4,6,13
Aluno_748,4,17,1,0,8
Aluno_749,17,19,9,0,3
Aluno_750,9,12,0,7,17
Aluno_751,20,7,6,19,13
Aluno_752,5,8,16,15,3
Aluno_753,0,15,15,20,9
Aluno_754,4,18,2,12,2
Aluno_755,8,15,13,17,6
Aluno_756,11,6,9,19,9
Aluno_757,13,13,6,9,12
Aluno_758,1,13,16,11,3
Aluno_759,16,3,5,0,17
Aluno_760,13,14,3,9,10
Aluno_761,12,2,16,8,3
Aluno_762,8,4,8,2,13
Aluno_763,14,0,3,18,17
Aluno_764,14,2,6,8,7
Aluno_765,10,14,1,9,9
Aluno_766,15,7,16,18,4
Aluno_767,16,3,7,15,6
Aluno_768,3,1,14,17,11
Aluno_769,0,9,14,13,2
Aluno_770,7,3,7,2,3
Aluno_771,16,2,15,1,9
Aluno_772,2,1,18,0,3
Aluno_773,19,16,10,17,14
Aluno_774,14,20,1,8,9
Aluno_775,14,19,16,12,20
Aluno_776,13,12,15,1,15
Aluno_777,13,4,14,6,14
Aluno_778,1,20,12,15,18
Aluno_779,12,8,14,20,19
Aluno_780,13,5,3,18,18
Aluno_781,18,4,15,14,17
Aluno_782,6,9,11,10,11
Aluno_783,2,7,3,0,15
Aluno_784,14,6,2,20,0
Aluno_785,13,6,16,6,15
Aluno_786,10,5,17,19,1
Aluno_787,14,20,17,7,14
Aluno_788,12,19,16,9,6
Aluno_789,17,2,11,4,0
Aluno_790,5,18,20,8,4
Aluno_791,2,14,3,0,9
Aluno_792,18,3,11,1,20
Aluno_793,14,11,20,18,3
Aluno_794,4,5,19,13,13
Aluno_795,9,18,14,19,12
Aluno_796,6,3,15,9,0
Aluno_797,16,14,4,8,15
Aluno_798,6,8,20,9,8
Aluno_799,11,4,14,5,15
Aluno_800,16,12,16,16,18
Aluno_801,12,17,17,5,14
Aluno_802,19,4,4,3,13
Aluno_803,3,15,12,19,19
Aluno_804,9,18,18,2,9
Aluno_805,2,13,12,18,20
Aluno_806,8,15,17,17,11
Aluno_807,12,14,13,3,0
Aluno_808,17,3,3,7,20
Aluno_809,14,6,3,16,16
Aluno_810,3,15,19,4,8
Aluno_811,14,20,19,12,18
Aluno_812,1,20,18,0,17
Aluno_813,14,7,12,12,6
Aluno_814,7,16,11,3,8
Aluno_815,7,15,6,13,20
Aluno_816,16,9,11,2,11
Aluno_817,11,9,20,4,6
Aluno_818,18,1,3,6,13
Aluno_819,9,8,1,0,14
Aluno_820,8,16,1,11,14
Aluno_821,4,10,4,10,5
Aluno_822,5,9,9,7,20
Aluno_823,19,16,9,5,13
Aluno_824,1,3,8,1,1
Aluno_825,12,15,12,18,7
Aluno_826,5,19,6,19,12
Aluno_827,4,14,4,19,5
Aluno_828,0,20,9,13,4
Aluno_829,20,4,9,0,4
Aluno_830,20,5,5,9,0
Aluno_831,5,16,18,15,8
Aluno_832,5,0,20,3,5
Aluno_833,15,18,7,10,19
Aluno_834,3,3,0,15,6
Aluno_835,10,16,16,19,8
Aluno_836,8,8,6,0,4
Aluno_837,2,1,13,15,13
Aluno_838,18,7,20,18,4
Aluno_839,7,14,20,20,7
Aluno_840,4,6,16,8,6
Aluno_841,3,5,8,8,12
Aluno_842,5,0,16,8,12
Aluno_843,1,14,4,16,7
Aluno_844,19,6,19,11,10
Aluno_845,10,16,7,12,17
Aluno_846,3,1,5,7,18
Aluno_847,14,8,10,15,5
Aluno_848,5,8,18,17,1
Aluno_849,16,12,3,0,12
Aluno_850,5,5,17,0,10
Aluno_851,18,5,0,11,0
Aluno_852,1,19,12,5,1
Aluno_853,14,19,13,8,16
Aluno_854,10,20,0,4,7
Aluno_855,7,2,10,15,1
Aluno_856,18,16,16,17,5
Aluno_857,12,16,3,16,4
Aluno_858,11,11,11,17,15
Aluno_859,4,15,9,0,7
Aluno_860,5,14,5,18,18
Aluno_861,3,12,0,7,15
Aluno_862,18,0,6,2,12
Aluno_863,19,16,20,4,19
Aluno_864,0,2,15,7,6
Aluno_865,19,14,13,18,15
Aluno_866,16,3,19,17,15
Aluno_867,11,3,19,17,11
Aluno_868,14,17,5,20,13
Aluno_869,0,16,4,0,17
Aluno_870,13,18,20,14,17
Aluno_871,5,10,17,17,15
Aluno_872,4,19,14,6,19
Aluno_873,10,2,5,15,15
Aluno_874,3,7,18,15,12
Aluno_875,12,13,0,14,8
Aluno_876,10,0,0,5,8
Aluno_877,2,13,12,8,12
Aluno_878,0,1,2,6,3
Aluno_879,5,3,9,13,8
Aluno_880,17,18,20,10,14
Aluno_881,9,5,2,20,13
Aluno_882,4,0,8,15,18
Aluno_883,9,16,7,5,11
Aluno_884,11,7,2,15,20
Aluno_885,1,18,12,19,5
Aluno_886,12,20,5,15,2
Aluno_887,7,0,12,11,19
Aluno_888,1,4,19,16,15
Aluno_889,19,15,19,4,19
Aluno_890,0,5,11,12,16
Aluno_891,4,7,12,7,15
Aluno_892,8,12,1,4,5
Aluno_893,16,15,20,11,7
Aluno_894,8,2,15,8,18
Aluno_895,10,18,5,2,1
Aluno_896,14,11,18,2,13
Aluno_897,5,15,20,0,11
Aluno_898,2,10,12,17,16
Aluno_899,16,9,16,11,14
Aluno_900,4,19,8,8,17
Aluno_901,11,3,16,8,15
Aluno_902,17,11,1,17,12
Aluno_903,13,1,18,17,20
Aluno_904,20,18,18,6,16
Aluno_905,10,4,6,3,7
Aluno_906,8,7,9,12,0
Aluno_907,1,6,9,16,2
Aluno_908,11,13,19,1,15
Aluno_909,2,2,8,13,1
Aluno_910,2,17,16,2,14
Aluno_911,0,15,14,4,0
Aluno_912,7,18,1,13,8
Aluno_913,7,18,3,2,15
Aluno_914,10,17,18,6,3
Aluno_915,8,19,16,17,11
Aluno_916,4,15,4,12,0
Aluno_917,13,7,6,9,0
Aluno_918,2,0,17,12,6
Aluno_919,20,16,20,15,17
Aluno_920,4,11,6,8,14
Aluno_921,4,20,16,1,12
Aluno_922,18,10,6,4,15
Aluno_923,13,4,3,16,6
Aluno_924,3,11,7,3,15
Aluno_925,12,16,12,16,12
Aluno_926,9,5,3,8,13
Aluno_927,17,0,5,19,16
Aluno_928,7,4,4,1,11
Aluno_929,7,13,11,17,19
Aluno_930,6,4,3,20,12
Aluno_931,7,0,8,10,19
Aluno_932,13,17,3,12,14
Aluno_933,18,15,18,7,20
Aluno_934,5,8,13,0,3
Aluno_935,0,18,4,16,1
Aluno_936,14,4,17,11,17
Aluno_937,0,1,9,3,1
Aluno_938,16,14,18,20,14
Aluno_939,0,6,11,12,18
Aluno_940,14,3,17,8,14
Aluno_941,1,0,16,6,19
Aluno_942,13,12,10,4,9
Aluno_943,20,19,2,4,19
Aluno_944,7,6,16,16,10
Aluno_945,7,14,0,8,9
Aluno_946,18,13,14,5,4
Aluno_947,6,18,8,18,8
Aluno_948,18,19,14,15,19
Aluno_949,5,17,2,20,18
Aluno_950,5,9,18,1,12
Aluno_951,2,8,12,9,17
Aluno_952,6,7,11,15,16
Aluno_953,18,9,19,4,5
Aluno_954,7,16,0,14,9
Aluno_955,9,1,20,12,1
Aluno_956,19,5,16,12,5
Aluno_957,14,4,12,12,20
Aluno_958,14,8,0,14,12
Aluno_959,0,4,9,13,17
Aluno_960,19,17,14,7,6
Aluno_961,6,19,6,10,1
Aluno_962,3,8,17,17,13
Aluno_963,5,16,15,3,4
Aluno_964,0,16,13,9,17
Aluno_965,4,11,17,0,10
Aluno_966,0,6,6,4,9
Aluno_967,3,2,16,12,10
Aluno_968,1,9,17,0,1
Aluno_969,9,1,11,7,14
Aluno_970,4,2,7,2,6
Aluno_971,9,15,1,2,8
Aluno_972,0,1,6,6,4
Aluno_973,5,9,3,3,6
Aluno_974,12,5,17,2,19
Aluno_975,14,10,5,14,1
Aluno_976,3,6,8,7,2
Aluno_977,12,14,8,2,1
Aluno_978,19,5,13,6,20
Aluno_979,14,19,7,17,18
Aluno_980,7,8,18,10,3
Aluno_981,4,19,2,10,19
Aluno_982,14,11,17,16,6
Aluno_983,3,18,4,5,6
Aluno_984,11,19,13,7,16
Aluno_985,12,2,3,0,18
Aluno_986,1,14,6,9,15
Aluno_987,18,1,19,18,2
Aluno_988,18,20,11,2,14
Aluno_989,3,1,1,3,13
Aluno_990,3,2,10,10,14
Aluno_991,10,5,13,14,13
Aluno_992,4,14,15,0,6
Aluno_993,19,9,19,8,2
Aluno_994,10,8,5,10,16
Aluno_995,9,0,3,18,9
Aluno_996,7,15,14,12,14
Aluno_997,5,5,0,15,5
Aluno_998,5,8,6,3,16
Aluno_999,7,3,11,0,16
Aluno_1000,14,1,9,19,13
Aluno_1001,13,3,4,12,17
Aluno_1002,10,0,11,0,4
Aluno_1003,11,18,17,4,7
Aluno_1004,12,9,9,4,6
Aluno_1005,7,20,5,13,3
Aluno_1006,17,14,11,13,17
Aluno_1007,0,18,6,7,4
Aluno_1008,14,15,17,3,15
Aluno_1009,7,20,1,6,13
Aluno_1010,10,3,9,19,18
Aluno_1011,11,1,14,18,13
Aluno_1012,11,12,11,14,8
Aluno_1013,3,0,16,3,5
Aluno_1014,15,16,3,18,16
Aluno_1015,3,12,6,8,18
Aluno_1016,4,3,8,20,11
Aluno_1017,4,6,18,12,3
Aluno_1018,7,16,6,13,15
Aluno_1019,9,8,1,13,10
Aluno_1020,16,3,5,9,3
Aluno_1021,8,18,17,15,16
Aluno_1022,18,0,5,4,7
Aluno_1023,13,9,12,5,13
Aluno_1024,7,3,18,1,1
Aluno_1025,8,8,1,12,10
Aluno_1026,10,12,11,12,10
Aluno_1027,0,13,14,18,5
Aluno_1028,13,9,13,17,20
Aluno_1029,4,5,5,18,20
Aluno_1030,20,15,17,0,13
Aluno_1031,13,5,4,7,9
Aluno_1032,3,16,17,15,7
Aluno_1033,0,9,2,1,6
Aluno_1034,18,17,2,7,7
Aluno_1035,7,17,9,5,7
Aluno_1036,14,2,18,15,1
Aluno_1037,20,19,2,10,15
Aluno_1038,14,20,11,16,8
Aluno_1039,8,14,15,18,12
Aluno_1040,20,14,16,10,11
Aluno_1041,8,3,6,7,16
Aluno_1042,9,8,12,3,1
Aluno_1043,19,18,1,10,12
Aluno_1044,20,16,3,7,0
Aluno_1045,8,10,9,8,18
Aluno_1046,2,8,6,1,10
Aluno_1047,19,9,16,15,4
Aluno_1048,10,17,19,5,0
Aluno_1049,5,19,5,20,19
Aluno_1050,1,12,18,20,12
Aluno_1051,6,7,4,18,7
Aluno_1052,17,6,9,7,5
Aluno_1053,1,16,8,13,16
Aluno_1054,16,20,12,15,11
Aluno_1055,10,14,18,11,0
Aluno_1056,11,19,20,4,2
Aluno_1057,18,14,5,18,13
Aluno_1058,6,0,3,17,7
Aluno_1059,19,13,2,8,10
Aluno_1060,5,4,2,1,13
Aluno_1061,20,10,3,19,7
Aluno_1062,0,15,4,11,2
Aluno_1063,16,1,7,1,6
Aluno_1064,10,7,15,9,18
Aluno_1065,17,10,2,0,3
Aluno_1066,20,17,11,3,15
Aluno_1067,16,2,7,11,12
Aluno_1068,6,0,12,8,19
Aluno_1069,16,10,3,3,18
Aluno_1070,19,15,13,8,4
Aluno_1071,8,17,13,5,4
Aluno_1072,16,15,12,0,19
Aluno_1073,19,9,5,9,3
Aluno_1074,7,17,16,13,1
Aluno_1075,16,5,3,17,12
Aluno_1076,6,18,7,5,15
Aluno_1077,0,3,16,17,1
Aluno_1078,12,12,2,19,18
Aluno_1079,18,13,16,15,16
Aluno_1080,18,2,8,14,4
Aluno_1081,16,9,1,15,17
Aluno_1082,12,5,12,7,20
Aluno_1083,15,0,19,12,17
Aluno_1084,7,13,1,10,7
Aluno_1085,18,7,19,6,14
Aluno_1086,17,18,10,16,12
Aluno_1087,0,13,14,17,12
Aluno_1088,13,9,10,18,15
Aluno_1089,18,16,2,12,19
Aluno_1090,14,8,2,14,12
Aluno_1091,17,5,11,0,19
Aluno_1092,1,10,4,15,1
Aluno_1093,16,6,19,4,2
Aluno_1094,17,16,6,2,14
Aluno_1095,5,0,6,9,18
Aluno_1096,18,4,12,18,12
Aluno_1097,3,8,8,4,4
Aluno_1098,0,17,20,6,5
Aluno_1099,7,20,12,13,13
Aluno_1100,6,1,11,2,3
Aluno_1101,2,10,12,12,18
Aluno_1102,9,5,9,12,6
Aluno_1103,9,7,0,9,3
Aluno_1104,18,3,7,1,1
Aluno_1105,13,17,15,5,6
Aluno_1106,1,10,12,7,2
Aluno_1107,0,4,2,3,14
Aluno_1108,17,14,2,11,0
Aluno_1109,6,17,4,14,1
Aluno_1110,7,1,10,7,9
Aluno_1111,0,10,6,6,15
Aluno_1112,2,12,20,13,14
Aluno_1113,7,3,9,18,14
Aluno_1114,14,6,9,13,13
Aluno_1115,4,10,19,12,13
Aluno_1116,2,3,1,20,5
Aluno_1117,18,14,2,0,13
Aluno_1118,0,0,7,18,16
Aluno_1119,14,2,10,0,17
Aluno_1120,7,13,12,3,19
Aluno_1121,1,5,6,9,18
Aluno_1122,2,17,12,2,16
Aluno_1123,13,0,1,19,15
Aluno_1124,13,5,5,8,7
Aluno_1125,10,5,8,2,6
Aluno_1126,15,20,19,5,19
Aluno_1127,3,15,1,5,11
Aluno_1128,19,4,17,11,8
Aluno_1129,4,16,15,0,13
Aluno_1130,20,9,11,15,19
Aluno_1131,13,20,6,4,0
Aluno_1132,15,17,6,8,9
Aluno_1133,17,6,16,9,16
Aluno_1134,6,2,12,12,16
Aluno_1135,9,12,10,14,16
Aluno_1136,6,14,5,11,3
Aluno_1137,0,19,13,4,16
Aluno_1138,20,18,5,4,17
Aluno_1139,18,2,5,17,19
Aluno_1140,15,3,1,11,1
Aluno_1141,18,4,19,2,7
Aluno_1142,3,0,14,6,12
Aluno_1143,17,3,16,16,19
Aluno_1144,1,11,7,18,14
Aluno_1145,0,9,4,17,19
Aluno_1146,14,20,16,0,8
Aluno_1147,4,19,19,4,2
Aluno_1148,19,12,0,1,2
Aluno_1149,10,13,17,0,1
Aluno_1150,9,4,14,6,0
Aluno_1151,1,3,4,10,13
Aluno_1152,2,13,6,10,16
Aluno_1153,11,9,17,17,12
Aluno_1154,19,16,5,16,18
Aluno_1155,4,9,20,1,14
Aluno_1156,4,6,4,6,13
Aluno_1157,5,15,18,6,1
Aluno_1158,8,0,9,9,6
Aluno_1159,1,16,14,20,16
Aluno_1160,20,20,9,2,17
Aluno_1161,11,8,15,11,5
Aluno_1162,2,5,11,2,20
Aluno_1163,19,18,17,10,7
Aluno_1164,11,12,0,11,1
Aluno_1165,16,2,15,3,0
Aluno_1166,9,6,5,15,15
Aluno_1167,13,8,2,19,6
Aluno_1168,16,4,1,17,10
Aluno_1169,17,9,1,3,14
Aluno_1170,18,16,12,5,12
Aluno_1171,16,11,8,20,1
Aluno_1172,13,15,15,14,13
Aluno_1173,8,2,4,0,5
Aluno_1174,7,8,20,2,8
Aluno_1175,1,14,6,4,6
Aluno_1176,12,4,12,16,17
Aluno_1177,6,12,19,13,8
Aluno_1178,8,13,12,8,3
Aluno_1179,10,19,6,2,8
Aluno_1180,13,14,9,12,3
Aluno_1181,3,15,14,2,11
Aluno_1182,12,12,20,10,3
Aluno_1183,1,16,5,1,19
Aluno_1184,4,7,4,14,13
Aluno_1185,10,20,1,12,6
Aluno_1186,5,1,20,18,12
Aluno_1187,17,4,14,15,7
Aluno_1188,20,5,15,17,4
Aluno_1189,9,11,18,6,11
Aluno_1190,3,17,8,12,12
Aluno_1191,8,0,18,3,19
Aluno_1192,5,16,6,8,13
Aluno_1193,1,10,3,9,17
Aluno_1194,16,9,2,8,19
Aluno_1195,4,18,19,6,3
Aluno_1196,5,13,10,14,20
Aluno_1197,11,9,0,7,17
Aluno_1198,20,14,5,18,6
Aluno_1199,9,18,10,10,14
Aluno_1200,20,3,0,4,20
Aluno_1201,5,1,20,1,5
Aluno_1202,7,8,6,9,15
Aluno_1203,1,9,5,15,19
Aluno_1204,11,10,13,12,7
Aluno_1205,12,13,1,7,20
Aluno_1206,20,6,3,8,15
Aluno_1207,6,14,10,10,15
Aluno_1208,9,18,14,10,2
Aluno_1209,12,14,17,15,16
Aluno_1210,16,7,0,9,8
Aluno_1211,20,10,2,11,2
Aluno_1212,13,8,2,5,19
Aluno_1213,1,14,6,11,6
Aluno_1214,10,0,0,9,17
Aluno_1215,0,0,10,17,11
Aluno_1216,18,18,5,17,18
Aluno_1217,20,2,19,3,15
Aluno_1218,3,9,2,8,16
Aluno_1219,18,7,18,6,19
Aluno_1220,20,14,1,17,14
Aluno_1221,10,9,17,7,0
Aluno_1222,7,0,11,10,1
Aluno_1223,10,17,9,6,7
Aluno_1224,3,1,4,8,1
Aluno_1225,16,18,8,7,18
Aluno_1226,6,12,1,2,8
Aluno_1227,7,0,1,16,8
Aluno_1228,2,1,5,1,12
Aluno_1229,1,15,9,14,5
Aluno_1230,14,14,17,13,14
Aluno_1231,4,12,11,17,18
Aluno_1232,0,15,3,15,20
Aluno_1233,3,16,20,19,14
Aluno_1234,14,20,16,3,17
Aluno_1235,19,6,14,19,6
Aluno_1236,18,16,5,5,10
Aluno_1237,2,6,15,5,7
Aluno_1238,19,12,16,10,5
Aluno_1239,10,4,2,16,7
Aluno_1240,16,16,9,2,1
Aluno_1241,12,2,4,12,18
Aluno_1242,10,6,13,2,15
Aluno_1243,1,16,20,15,6
Aluno_1244,8,6,12,14,9
Aluno_1245,1,20,5,10,11
Aluno_1246,20,0,11,17,16
Aluno_1247,8,16,7,14,6
Aluno_1248,8,16,4,4,7
Aluno_1249,7,10,14,15,6
Aluno_1250,16,2,15,15,3
Aluno_1251,0,14,0,16,2
Aluno_1252,10,20,15,8,18
Aluno_1253,7,10,4,2,14
Aluno_1254,9,15,2,19,3
Aluno_1255,6,8,19,12,8
Aluno_1256,2,0,14,2,12
Aluno_1257,2,15,12,6,17
Aluno_1258,17,8,15,5,20
Aluno_1259,4,18,10,8,15
Aluno_1260,11,11,20,11,0
Aluno_1261,11,18,1,14,3
Aluno_1262,18,8,5,20,17
Aluno_1263,5,6,5,19,7
Aluno_1264,1,13,13,2,19
Aluno_1265,11,18,10,9,15
Aluno_1266,18,18,7,0,20
Aluno_1267,4,1,7,18,10
Aluno_1268,11,8,0,18,19
Aluno_1269,16,12,20,12,20
Aluno_1270,16,14,6,11,20
Aluno_1271,9,2,5,0,20
Aluno_1272,16,10,20,18,18
Aluno_1273,14,20,7,15,18
Aluno_1274,11,13,18,14,17
Aluno_1275,15,7,20,15,18
Aluno_1276,18,17,19,10,10
Aluno_1277,7,18,7,5,2
Aluno_1278,20,15,13,10,7
Aluno_1279,16,1,17,2,19
Aluno_1280,4,7,15,14,18
Aluno_1281,15,5,8,0,9
Aluno_1282,5,11,14,6,15
Aluno_1283,7,14,9,0,4
Aluno_1284,17,7,15,16,19
Aluno_1285,11,3,3,8,8
Aluno_1286,14,14,19,12,7
Aluno_1287,8,19,12,10,10
Aluno_1288,12,16,4,19,15
Aluno_1289,14,12,6,5,6
Aluno_1290,9,17,8,0,14
Aluno_1291,15,1,7,6,20
Aluno_1292,6,12,15,11,19
Aluno_1293,16,12,5,19,16
Aluno_1294,20,14,15,18,5
Aluno_1295,6,19,5,16,14
Aluno_1296,13,9,13,3,7
Aluno_1297,14,2,20,2,6
Aluno_1298,20,18,0,0,1
Aluno_1299,6,2,8,17,12
Aluno_1300,8,13,12,20,5
Aluno_1301,18,7,18,14,4
Aluno_1302,15,3,16,7,19
Aluno_1303,7,19,10,0,0
Aluno_1304,17,10,7,19,17
Aluno_1305,17,10,4,13,14
Aluno_1306,19,10,9,3,9
Aluno_1307,6,1,6,4,2
Aluno_1308,2,16,9,12,4
Aluno_1309,17,8,3,14,12
Aluno_1310,9,1,8,5,7
Aluno_1311,6,14,13,0,20
Aluno_1312,16,15,1,18,1
Aluno_1313,13,3,8,12,8
Aluno_1314,2,7,20,5,16
Aluno_1315,11,8,0,14,17
Aluno_1316,12,4,9,15,12
Aluno_1317,1,15,9,15,0
Aluno_1318,2,12,19,9,11
Aluno_1319,4,6,2,8,19
Aluno_1320,10,19,5,8,19
Aluno_1321,7,16,5,16,20
Aluno_1322,11,2,20,16,4
Aluno_1323,6,4,1,16,7
Aluno_1324,14,18,17,11,14
Aluno_1325,16,11,1,12,2
Aluno_1326,3,6,11,11,5
Aluno_1327,12,8,4,13,12
Aluno_1328,17,5,19,9,11
Aluno_1329,0,16,6,18,18
Aluno_1330,15,15,15,1,17
Aluno_1331,12,2,19,3,0
Aluno_1332,9,20,0,18,6
Aluno_1333,11,3,0,6,11
Aluno_1334,1,9,16,14,9
Aluno_1335,2,4,0,14,11
Aluno_1336,9,20,20,5,10
Aluno_1337,1,9,19,2,3
Aluno_1338,12,11,12,5,18
Aluno_1339,12,9,8,15,5
Aluno_1340,17,12,14,1,8
Aluno_1341,2,10,2,6,19
Aluno_1342,6,15,13,10,9
Aluno_1343,13,7,10,6,4
Aluno_1344,19,7,11,3,12
Aluno_1345,16,7,12,19,8
Aluno_1346,20,12,12,6,1
Aluno_1347,11,1,0,3,17
Aluno_1348,15,11,9,11,20
Aluno_1349,11,9,2,4,0
Aluno_1350,14,11,3,18,20
Aluno_1351,9,10,15,4,11
Aluno_1352,6,14,7,18,9
Aluno_1353,19,15,15,20,1
Aluno_1354,4,16,16,2,8
Aluno_1355,0,1,18,10,1
Aluno_1356,16,17,14,6,13
Aluno_1357,2,11,15,16,10
Aluno_1358,12,18,14,8,10
Aluno_1359,13,17,1,20,16
Aluno_1360,17,16,10,8,3
Aluno_1361,3,5,0,9,12
Aluno_1362,17,14,14,12,6
Aluno_1363,4,2,18,14,15
Aluno_1364,15,5,3,4,0
Aluno_1365,0,2,10,2,12
Aluno_1366,20,0,4,7,0
Aluno_1367,13,12,2,19,10
Aluno_1368,14,20,12,9,5
Aluno_1369,8,13,9,12,19
Aluno_1370,14,12,10,2,2
Aluno_1371,16,3,17,7,11
Aluno_1372,3,6,1,8,4
Aluno_1373,11,9,6,20,8
Aluno_1374,4,6,8,11,11
Aluno_1375,4,20,9,10,9
Aluno_1376,10,14,17,1,18
Aluno_1377,5,14,6,17,4
Aluno_1378,6,3,6,8,4
Aluno_1379,13,5,2,1,8
Aluno_1380,10,19,11,1,19
Aluno_1381,12,4,6,2,16
Aluno_1382,1,19,16,15,9
Aluno_1383,6,11,0,18,20
Aluno_1384,19,0,4,3,0
Aluno_1385,3,7,15,17,15
Aluno_1386,7,0,14,19,14
Aluno_1387,19,4,1,17,16
Aluno_1388,20,5,8,9,19
Aluno_1389,18,20,6,10,12
Aluno_1390,12,2,3,16,0
Aluno_1391,13,14,19,19,7
Aluno_1392,9,4,17,15,4
Aluno_1393,10,13,20,19,5
Aluno_1394,1,17,3,12,19
Aluno_1395,8,15,12,1,13
Aluno_1396,16,5,0,1,10
Aluno_1397,2,13,2,13,5
Aluno_1398,5,7,15,3,10
Aluno_1399,4,6,3,16,12
Aluno_1400,4,7,15,12,11
Aluno_1401,14,12,18,3,1
Aluno_1402,16,5,0,2,20
Aluno_1403,8,17,4,11,2
Aluno_1404,2,1,18,7,3
Aluno_1405,19,7,10,1,16
Aluno_1406,16,10,12,5,5
Aluno_1407,9,0,19,9,6
Aluno_1408,2,5,4,11,14
Aluno_1409,17,15,20,20,10
Aluno_1410,17,19,3,9,2
Aluno_1411,16,11,3,9,5
Aluno_1412,2,10,3,2,1
Aluno_1413,2,9,3,19,13
Aluno_1414,5,2,19,9,8
Aluno_1415,12,12,20,8,17
Aluno_1416,14,2,17,19,18
Aluno_1417,8,14,17,18,11
Aluno_1418,3,15,15,13,12
Aluno_1419,13,12,8,1,11
Aluno_1420,4,16,17,4,11
Aluno_1421,1,2,1,19,17
Aluno_1422,10,19,20,7,8
Aluno_1423,8,10,3,6,16
Aluno_1424,2,20,11,5,20
Aluno_1425,8,18,6,10,15
Aluno_1426,2,10,14,11,16
Aluno_1427,1,15,6,17,20
Aluno_1428,11,20,20,18,7
Aluno_1429,9,2,16,9,10
Aluno_1430,8,5,15,20,1
Aluno_1431,14,13,18,13,7
Aluno_1432,7,17,8,2,11
Aluno_1433,4,16,13,17,20
Aluno_1434,10,3,16,14,0
Aluno_1435,1,14,4,5,12
Aluno_1436,14,10,1,9,20
Aluno_1437,5,2,19,11,16
Aluno_1438,7,2,15,6,13
Aluno_1439,4,15,13,16,13
Aluno_1440,15,4,13,0,15
Aluno_1441,17,20,0,17,16
Aluno_1442,5,9,2,14,5
Aluno_1443,4,18,6,18,6
Aluno_1444,15,3,14,0,0
Aluno_1445,12,18,18,4,14
Aluno_1446,4,10,19,14,19
Aluno_1447,12,1,1,2,20
Aluno_1448,16,9,18,0,17
Aluno_1449,17,10,8,7,12
Aluno_1450,7,19,18,11,1
Aluno_1451,12,15,4,18,18
Aluno_1452,18,18,17,11,14
Aluno_1453,2,10,15,12,11
Aluno_1454,7,13,3,0,14
Aluno_1455,1,1,11,18,17
Aluno_1456,7,4,6,5,13
Aluno_1457,12,4,13,7,5
Aluno_1458,12,18,11,3,11
Aluno_1459,0,20,2,4,19
Aluno_1460,5,11,4,6,5
Aluno_1461,18,17,16,3,8
Aluno_1462,15,3,9,19,3
Aluno_1463,7,16,9,3,16
Aluno_1464,0,9,10,14,1
Aluno_1465,15,19,16,20,15
Aluno_1466,8,5,4,4,13
Aluno_1467,12,13,12,8,7
Aluno_1468,10,10,9,1,13
Aluno_1469,12,10,8,6,1
Aluno_1470,20,17,16,16,15
Aluno_1471,9,17,0,15,3
Aluno_1472,3,10,3,16,0
Aluno_1473,5,20,3,19,19
Aluno_1474,6,11,17,1,13
Aluno_1475,4,4,8,10,7
Aluno_1476,10,8,17,1,2
Aluno_1477,12,8,13,0,4
Aluno_1478,18,9,14,1,5
Aluno_1479,9,18,5,8,7
Aluno_1480,9,0,9,1,5
Aluno_1481,10,6,14,14,5
Aluno_1482,20,3,3,9,3
Aluno_1483,6,0,17,14,6
Aluno_1484,17,14,17,9,18
Aluno_1485,3,7,16,16,6
Aluno_1486,1,11,11,8,2
Aluno_1487,13,17,6,17,7
Aluno_1488,12,14,15,3,0
Aluno_1489,11,16,10,8,0
Aluno_1490,6,13,13,15,13
Aluno_1491,1,13,2,3,5
Aluno_1492,12,17,18,15,9
Aluno_1493,13,19,17,18,13
Aluno_1494,16,17,9,0,3
Aluno_1495,8,15,5,5,5
Aluno_1496,16,0,12,9,15
Aluno_1497,7,10,9,15,20
Aluno_1498,1,14,17,3,0
Aluno_1499,12,11,19,12,5
Aluno_1500,2,7,15,15,8
Aluno_1501,15,19,5,19,14
Aluno_1502,5,5,12,5,11
Aluno_1503,18,2,3,10,2
Aluno_1504,6,12,13,2,10
Aluno_1505,9,12,0,19,14
Aluno_1506,8,1,19,9,2
Aluno_1507,1,4,4,0,13
Aluno_1508,14,16,7,19,1
Aluno_1509,4,5,11,10,3
Aluno_1510,3,1,1,11,18
Aluno_1511,19,3,11,13,11
Aluno_1512,3,10,4,7,1
Aluno_1513,17,7,4,10,16
Aluno_1514,3,11,12,3,2
Aluno_1515,16,7,8,6,9
Aluno_1516,11,10,9,9,15
Aluno_1517,16,19,0,18,8
Aluno_1518,9,7,2,3,10
Aluno_1519,0,7,17,1,20
Aluno_1520,17,16,11,20,14
Aluno_1521,17,19,2,17,2
Aluno_1522,13,19,8,13,15
Aluno_1523,14,15,1,15,20
Aluno_1524,11,13,2,10,20
Aluno_1525,3,10,13,9,20
Aluno_1526,2,6,3,16,11
Aluno_1527,19,15,18,13,4
Aluno_1528,11,12,12,3,6
Aluno_1529,6,14,6,18,8
Aluno_1530,10,15,11,1,20
Aluno_1531,0,20,2,6,17
Aluno_1532,5,8,8,8,20
Aluno_1533,14,2,1,18,7
Aluno_1534,14,18,8,15,11
Aluno_1535,18,19,11,15,19
Aluno_1536,10,4,11,17,1
Aluno_1537,1,9,14,20,9
Aluno_1538,13,16,1,20,18
Aluno_1539,1,14,17,10,8
Aluno_1540,3,7,12,6,7
Aluno_1541,16,14,13,8,0
Aluno_1542,2,20,4,3,5
Aluno_1543,12,13,9,12,11
Aluno_1544,8,19,11,3,18
Aluno_1545,6,6,9,18,16
Aluno_1546,14,20,10,1,1
Aluno_1547,10,11,1,8,10
Aluno_1548,19,16,4,11,17
Aluno_1549,1,16,6,1,10
Aluno_1550,14,9,5,5,17
Aluno_1551,13,18,2,4,7
Aluno_1552,19,13,12,4,14
Aluno_1553,10,10,2,19,8
Aluno_1554,2,1,20,4,14
Aluno_1555,16,17,5,3,6
Aluno_1556,11,6,10,8,19
Aluno_1557,20,11,16,9,12
Aluno_1558,14,1,9,15,12
Aluno_1559,15,19,11,9,0
Aluno_1560,4,17,16,9,19
Aluno_1561,19,5,3,18,3
Aluno_1562,5,9,1,9,3
Aluno_1563,18,19,10,5,3
Aluno_1564,4,14,6,16,12
Aluno_1565,2,4,1,4,1
Aluno_1566,0,19,17,5,14
Aluno_1567,5,2,20,14,3
Aluno_1568,14,4,3,18,5
Aluno_1569,1,7,7,17,2
Aluno_1570,2,7,19,3,6
Aluno_1571,16,7,13,7,5
Aluno_1572,11,11,11,15,2
Aluno_1573,17,7,20,18,3
Aluno_1574,14,10,17,19,9
Aluno_1575,11,13,10,2,20
Aluno_1576,15,7,7,9,8
Aluno_1577,7,9,1,1,5
Aluno_1578,13,6,14,3,19
Aluno_1579,16,16,8,5,10
Aluno_1580,20,3,18,10,6
Aluno_1581,7,12,19,13,17
Aluno_1582,14,3,7,15,3
Aluno_1583,13,4,18,20,4
Aluno_1584,17,3,4,18,3
Aluno_1585,19,17,10,1,3
Aluno_1586,6,5,14,16,12
Aluno_1587,2,1,7,8,15
Aluno_1588,11,10,18,16,13
Aluno_1589,20,13,7,14,10
Aluno_1590,2,4,18,6,1
Aluno_1591,19,5,17,18,13
Aluno_1592,13,9,9,2,6
Aluno_1593,14,7,6,0,10
Aluno_1594,13,13,8,3,3
Aluno_1595,6,2,0,17,6
Aluno_1596,16,11,18,7,15
Aluno_1597,11,15,4,18,5
Aluno_1598,19,16,18,5,5
Aluno_1599,3,0,0,0,1
Aluno_1600,8,9,14,7,7
Aluno_1601,5,9,15,0,6
Aluno_1602,15,20,6,18,13
Aluno_1603,20,1,11,10,8
Aluno_1604,20,8,7,20,14
Aluno_1605,1,12,4,14,17
Aluno_1606,7,15,9,10,11
Aluno_1607,10,17,20,18,18
Aluno_1608,12,18,4,20,12
Aluno_1609,16,11,16,9,6
Aluno_1610,7,7,4,11,9
Aluno_1611,20,16,14,0,9
Aluno_1612,17,14,12,6,1
Aluno_1613,17,9,0,16,13
Aluno_1614,13,14,10,9,12
Aluno_1615,14,14,0,5,5
Aluno_1616,5,6,10,16,8
Aluno_1617,10,12,17,17,12
Aluno_1618,12,16,17,4,8
Aluno_1619,0,8,20,17,12
Aluno_1620,5,7,15,16,4
Aluno_1621,8,19,12,15,13
Aluno_1622,7,20,6,7,4
Aluno_1623,10,17,0,12,8
Aluno_1624,18,12,15,15,7
Aluno_1625,8,15,0,10,6
Aluno_1626,16,8,16,5,7
Aluno_1627,11,11,5,2,2
Aluno_1628,13,11,1,0,14
Aluno_1629,14,5,16,17,7
Aluno_1630,15,18,5,4,0
Aluno_1631,19,6,13,12,6
Aluno_1632,0,2,17,9,18
Aluno_1633,9,15,5,4,1
Aluno_1634,7,17,9,13,13
Aluno_1635,17,15,17,16,17
Aluno_1636,0,6,8,0,14
Aluno_1637,1,3,7,1,13
Aluno_1638,0,7,9,6,18
Aluno_1639,0,12,16,9,18
Aluno_1640,8,12,5,19,16
Aluno_1641,12,16,13,6,18
Aluno_1642,0,16,5,15,15
Aluno_1643,12,4,6,4,19
Aluno_1644,19,5,11,11,18
Aluno_1645,6,18,2,16,0
Aluno_1646,1,12,13,15,18
Aluno_1647,5,13,18,19,6
Aluno_1648,6,3,15,15,10
Aluno_1649,13,6,6,18,4
Aluno_1650,17,7,7,14,16
Aluno_1651,14,12,17,11,10
Aluno_1652,1,5,12,20,7
Aluno_1653,9,5,20,9,9
Aluno_1654,11,20,8,1,11
Aluno_1655,16,2,9,6,9
Aluno_1656,7,2,20,12,12
Aluno_1657,10,12,8,2,17
Aluno_1658,2,1,14,14,9
Aluno_1659,5,15,19,0,18
Aluno_1660,8,5,1,2,19
Aluno_1661,5,7,12,9,16
Aluno_1662,8,7,1,14,19
Aluno_1663,6,5,18,5,15
Aluno_1664,8,13,1,19,4
Aluno_1665,17,2,2,14,2
Aluno_1666,11,9,5,20,14
Aluno_1667,7,2,2,6,1
Aluno_1668,7,11,9,20,12
Aluno_1669,17,16,5,4,7
Aluno_1670,19,4,15,3,16
Aluno_1671,14,19,16,17,3
Aluno_1672,6,8,18,2,18
Aluno_1673,10,20,2,16,8
Aluno_1674,19,19,17,17,14
Aluno_1675,15,6,6,17,8
Aluno_1676,3,3,8,1,20
Aluno_1677,5,12,19,12,8
Aluno_1678,2,12,11,14,13
Aluno_1679,8,9,4,4,20
Aluno_1680,9,17,2,2,15
Aluno_1681,13,16,10,4,16
Aluno_1682,10,19,3,4,12
Aluno_1683,17,19,4,4,8
Aluno_1684,11,12,0,2,14
Aluno_1685,11,16,17,2,6
Aluno_1686,12,3,11,19,0
Aluno_1687,12,0,12,17,0
Aluno_1688,18,0,8,19,4
Aluno_1689,18,14,1,3,8
Aluno_1690,13,12,4,0,11
Aluno_1691,3,16,12,15,5
Aluno_1692,12,7,15,7,12
Aluno_1693,7,17,15,16,7
Aluno_1694,20,12,2,7,14
Aluno_1695,18,13,3,6,5
Aluno_1696,11,7,10,7,5
Aluno_1697,17,7,13,20,3
Aluno_1698,5,14,2,11,10
Aluno_1699,17,12,15,15,20
Aluno_1700,18,6,14,11,17
Aluno_1701,4,4,9,18,2
Aluno_1702,8,16,8,9,2
Aluno_1703,2,15,10,6,11
Aluno_1704,9,1,15,11,20
Aluno_1705,18,17,9,19,20
Aluno_1706,2,16,16,4,5
Aluno_1707,14,6,18,15,20
Aluno_1708,0,12,1,8,5
Aluno_1709,6,17,1,6,7
Aluno_1710,11,13,5,19,14
Aluno_1711,16,17,18,13,17
Aluno_1712,20,12,7,10,19
Aluno_1713,19,10,2,6,15
Aluno_1714,4,20,13,9,5
Aluno_1715,3,20,15,8,20
Aluno_1716,11,15,0,3,16
Aluno_1717,19,16,20,15,8
Aluno_1718,17,7,2,9,18
Aluno_1719,16,18,17,18,17
Aluno_1720,18,19,8,16,4
Aluno_1721,8,14,5,8,5
Aluno_1722,3,8,20,12,11
Aluno_1723,20,19,0,0,10
Aluno_1724,1,9,20,1,15
Aluno_1725,3,11,9,12,19
Aluno_1726,1,20,5,8,16
Aluno_1727,14,19,11,6,19
Aluno_1728,1,0,3,15,8
Aluno_1729,3,19,12,18,0
Aluno_1730,5,8,16,6,2
Aluno_1731,6,14,7,5,20
Aluno_1732,9,0,19,17,8
Aluno_1733,18,11,2,18,18
Aluno_1734,18,2,11,10,12
Aluno_1735,11,10,6,11,13
Aluno_1736,2,1,11,9,19
Aluno_1737,12,15,1,12,18
Aluno_1738,17,8,13,11,6
Aluno_1739,7,14,4,20,3
Aluno_1740,20,11,8,9,11
Aluno_1741,14,0,20,19,13
Aluno_1742,0,12,10,17,1
Aluno_1743,2,13,4,3,0
Aluno_1744,7,7,2,4,17
Aluno_1745,3,7,16,4,19
Aluno_1746,15,11,1,11,7
Aluno_1747,9,0,0,2,2
Aluno_1748,11,10,6,7,5
Aluno_1749,13,7,13,1,12
Aluno_1750,13,9,4,17,8
Aluno_1751,1,18,18,8,8
Aluno_1752,4,10,10,12,19
Aluno_1753,4,6,1,6,8
Aluno_1754,5,10,7,9,14
Aluno_1755,12,16,8,8,12
Aluno_1756,8,0,2,14,15
Aluno_1757,14,20,1,4,1
Aluno_1758,13,20,6,11,13
Aluno_1759,6,7,4,0,5
Aluno_1760,19,5,20,11,1
Aluno_1761,1,17,4,5,7
Aluno_1762,6,5,19,18,3
Aluno_1763,5,4,12,18,20
Aluno_1764,16,12,20,15,13
Aluno_1765,1,18,19,18,10
Aluno_1766,2,7,5,2,13
Aluno_1767,4,8,19,9,11
Aluno_1768,4,16,17,17,15
Aluno_1769,0,2,1,12,5
Aluno_1770,7,18,5,17,19
Aluno_1771,11,10,8,2,0
Aluno_1772,3,16,2,2,11
Aluno_1773,12,20,0,11,6
Aluno_1774,14,18,0,19,7
Aluno_1775,10,1,18,6,8
Aluno_1776,9,7,4,7,1
Aluno_1777,2,18,12,8,16
Aluno_1778,13,6,18,13,19
Aluno_1779,15,16,11,4,12
Aluno_1780,9,5,15,20,4
Aluno_1781,9,18,18,18,9
Aluno_1782,11,5,2,20,11
Aluno_1783,8,1,11,15,16
Aluno_1784,0,5,4,11,20
Aluno_1785,4,4,1,20,5
Aluno_1786,19,18,6,3,2
Aluno_1787,7,19,12,7,14
Aluno_1788,10,3,14,6,6
Aluno_1789,11,16,2,14,5
Aluno_1790,0,10,20,5,3
Aluno_1791,19,3,19,4,18
Aluno_1792,10,12,4,13,4
Aluno_1793,4,19,7,20,2
Aluno_1794,14,16,0,12,8
Aluno_1795,4,8,7,9,5
Aluno_1796,11,3,17,17,12
Aluno_1797,4,13,19,3,19
Aluno_1798,16,18,15,7,3
Aluno_1799,16,2,17,10,1
Aluno_1800,11,13,19,16,3
Aluno_1801,14,7,11,17,7
Aluno_1802,14,0,12,20,12
Aluno_1803,5,9,12,10,9
Aluno_1804,11,17,9,15,17
Aluno_1805,19,15,6,11,8
Aluno_1806,17,7,13,12,0
Aluno_1807,13,0,15,15,12
Aluno_1808,1,11,14,20,17
Aluno_1809,8,7,11,0,14
Aluno_1810,4,15,8,15,1
Aluno_1811,19,17,7,14,10
Aluno_1812,0,3,17,5,13
Aluno_1813,2,5,17,11,14
Aluno_1814,5,11,12,7,13
Aluno_1815,4,8,17,6,15
Aluno_1816,20,14,14,1,14
Aluno_1817,4,15,3,11,18
Aluno_1818,0,11,16,20,8
Aluno_1819,16,13,4,13,4
Aluno_1820,18,12,15,15,4
Aluno_1821,13,1,8,10,10
Aluno_1822,11,2,9,19,19
Aluno_1823,9,9,17,8,3
Aluno_1824,19,8,16,9,19
Aluno_1825,20,19,17,16,17
Aluno_1826,17,7,6,11,2
Aluno_1827,10,9,3,5,3
Aluno_1828,1,18,4,18,13
Aluno_1829,17,2,15,10,6
Aluno_1830,6,4,2,8,7
Aluno_1831,14,2,17,20,15
Aluno_1832,10,15,20,5,19
Aluno_1833,17,16,13,15,14
Aluno_1834,11,14,14,19,6
Aluno_1835,5,2,16,15,16
Aluno_1836,19,11,0,5,11
Aluno_1837,12,8,20,4,17
Aluno_1838,19,20,16,20,13
Aluno_1839,15,11,10,3,14
Aluno_1840,17,14,16,1,14
Aluno_1841,9,1,13,5,4
Aluno_1842,7,17,19,8,15
Aluno_1843,17,19,18,16,4
Aluno_1844,20,11,20,13,1
Aluno_1845,0,3,6,6,19
Aluno_1846,7,15,12,18,8
Aluno_1847,5,15,17,0,8
Aluno_1848,4,0,13,19,3
Aluno_1849,14,1,0,14,14
Aluno_1850,14,2,6,17,10
Aluno_1851,1,20,7,2,0
Aluno_1852,0,19,17,17,17
Aluno_1853,10,16,8,1,0
Aluno_1854,9,19,0,9,7
Aluno_1855,17,20,16,10,15
Aluno_1856,17,0,18,2,17
Aluno_1857,16,19,5,6,8
Aluno_1858,7,5,2,7,11
Aluno_1859,14,14,4,18,18
Aluno_1860,7,13,1,17,17
Aluno_1861,16,19,19,12,4
Aluno_1862,11,14,3,12,1
Aluno_1863,7,13,9,18,6
Aluno_1864,13,20,9,11,9
Aluno_1865,3,4,20,16,14
Aluno_1866,0,5,10,11,6
Aluno_1867,0,16,15,12,4
Aluno_1868,18,10,16,11,14
Aluno_1869,15,15,15,18,19
Aluno_1870,13,11,6,13,19
Aluno_1871,20,14,15,6,14
Aluno_1872,15,3,2,12,9
Aluno_1873,4,17,15,5,13
Aluno_1874,8,20,7,18,9
Aluno_1875,1,2,11,18,16
Aluno_1876,17,7,2,3,20
Aluno_1877,5,2,16,18,13
Aluno_1878,8,7,20,8,1
Aluno_1879,0,17,17,15,15
Aluno_1880,8,9,10,3,12
Aluno_1881,15,19,3,5,8
Aluno_1882,12,16,15,7,6
Aluno_1883,8,7,16,15,15
Aluno_1884,20,10,8,4,9
Aluno_1885,12,4,5,20,8
Aluno_1886,8,12,19,9,6
Aluno_1887,10,20,1,12,15
Aluno_1888,3,4,8,13,8
Aluno_1889,1,12,20,6,16
Aluno_1890,5,5,5,19,19
Aluno_1891,13,4,2,5,6
Aluno_1892,3,8,19,6,10
Aluno_1893,5,15,5,4,7
Aluno_1894,18,1,6,20,6
Aluno_1895,5,0,0,17,18
Aluno_1896,1,7,0,11,19
Aluno_1897,17,18,4,5,11
Aluno_1898,12,10,5,0,6
Aluno_1899,8,11,12,3,7
Aluno_1900,18,11,1,18,6
Aluno_1901,12,6,14,11,5
Aluno_1902,10,12,14,14,8
Aluno_1903,0,7,12,2,12
Aluno_1904,6,8,13,19,6
Aluno_1905,20,6,6,7,7
Aluno_1906,14,20,13,10,16
Aluno_1907,0,14,9,15,16
Aluno_1908,11,1,16,8,15
Aluno_1909,6,19,13,2,1
Aluno_1910,14,11,7,4,7
Aluno_1911,20,0,3,19,16
Aluno_1912,18,7,15,13,12
Aluno_1913,0,4,12,14,17
Aluno_1914,16,14,19,5,9
Aluno_1915,16,0,17,3,1
Aluno_1916,2,0,13,7,1
Aluno_1917,11,9,17,18,13
Aluno_1918,5,9,4,4,15
Aluno_1919,10,20,8,12,6
Aluno_1920,2,14,2,15,20
Aluno_1921,7,16,7,0,20
Aluno_1922,13,5,19,12,11
Aluno_1923,13,2,9,10,13
Aluno_1924,9,12,18,20,3
Aluno_1925,1,15,20,7,3
Aluno_1926,13,7,2,7,17
Aluno_1927,8,14,10,13,2
Aluno_1928,2,16,10,12,0
Aluno_1929,20,16,16,2,16
Aluno_1930,7,12,15,3,6
Aluno_1931,15,16,6,19,15
Aluno_1932,1,5,3,14,4
Aluno_1933,5,16,18,14,18
Aluno_1934,20,15,11,20,6
Aluno_1935,11,13,14,12,13
Aluno_1936,4,12,10,8,1
Aluno_1937,1,5,4,9,2
Aluno_1938,15,2,4,11,16
Aluno_1939,4,13,14,13,15
Aluno_1940,14,13,17,0,7
Aluno_1941,11,14,10,13,17
Aluno_1942,3,7,11,13,14
Aluno_1943,14,14,1,7,6
Aluno_1944,10,12,19,15,8
Aluno_1945,15,16,14,13,5
Aluno_1946,5,20,19,0,17
Aluno_1947,13,2,3,15,17
Aluno_1948,17,5,17,17,13
Aluno_1949,11,4,5,6,13
Aluno_1950,10,16,18,14,13
Aluno_1951,12,1,10,16,3
Aluno_1952,20,14,1,18,3
Aluno_1953,10,4,7,12,14
Aluno_1954,15,19,10,8,14
Aluno_1955,14,5,4,14,17
Aluno_1956,20,5,17,2,13
Aluno_1957,14,17,17,0,0
Aluno_1958,3,17,13,15,9
Aluno_1959,10,3,9,7,19
Aluno_1960,18,16,2,12,9
Aluno_1961,14,13,8,7,9
Aluno_1962,3,13,2,16,1
Aluno_1963,20,12,10,13,7
Aluno_1964,12,6,11,20,0
Aluno_1965,18,11,11,20,0
Aluno_1966,1,14,2,6,3
Aluno_1967,13,18,20,14,6
Aluno_1968,3,10,6,15,8
Aluno_1969,15,14,13,18,15
Aluno_1970,20,11,10,5,4
Aluno_1971,19,2,6,0,1
Aluno_1972,13,16,20,11,10
Aluno_1973,14,2,9,17,17
Aluno_1974,2,18,10,15,18
Aluno_1975,7,19,14,11,12
Aluno_1976,15,3,18,19,10
Aluno_1977,9,2,15,12,19
Aluno_1978,3,15,20,7,18
Aluno_1979,17,11,19,0,16
Aluno_1980,1,7,11,20,4
Aluno_1981,16,16,17,6,12
Aluno_1982,12,6,12,14,19
Aluno_1983,3,10,4,12,0
Aluno_1984,10,17,3,12,9
Aluno_1985,6,0,13,8,7
Aluno_1986,11,2,7,14,7
Aluno_1987,9,3,8,3,18
Aluno_1988,6,12,18,12,5
Aluno_1989,12,5,2,11,11
Aluno_1990,6,13,4,4,6
Aluno_1991,16,4,20,6,15
Aluno_1992,9,15,17,7,8
Aluno_1993,9,14,0,4,20
Aluno_1994,3,14,7,8,9
Aluno_1995,19,3,18,13,9
Aluno_1996,3,7,16,11,9
Aluno_1997,6,15,16,3,19
Aluno_1998,0,15,10,19,15
Aluno_1999,11,3,1,7,0
Aluno_2000,12,12,5,16,16
Aluno_2001,9,12,13,7,20
Aluno_2002,14,1,2,20,13
Aluno_2003,12,2,11,0,18
Aluno_2004,20,7,3,19,20
Aluno_2005,8,14,11,1,20
Aluno_2006,8,10,12,3,16
Aluno_2007,14,8,1,20,13
Aluno_2008,9,6,1,0,7
Aluno_2009,9,12,14,6,20
Aluno_2010,7,1,16,0,20
Aluno_2011,15,7,6,8,8
Aluno_2012,16,6,13,2,7
Aluno_2013,4,11,11,11,12
Aluno_2014,3,18,16,18,16
Aluno_2015,17,6,13,14,18
Aluno_2016,18,9,5,15,6
Aluno_2017,3,15,18,9,16
Aluno_2018,6,2,5,5,0
Aluno_2019,9,9,17,16,4
Aluno_2020,17,5,4,20,5
Aluno_2021,18,17,5,16,1
Aluno_2022,3,17,1,20,15
Aluno_2023,9,4,7,18,4
Aluno_2024,0,20,14,17,4
Aluno_2025,17,6,14,10,11
Aluno_2026,4,1,10,6,2
Aluno_2027,14,10,0,9,15
Aluno_2028,16,12,17,6,5
Aluno_2029,2,4,11,4,14
Aluno_2030,11,5,11,11,14
Aluno_2031,1,13,10,15,15
Aluno_2032,0,11,7,20,19
Aluno_2033,20,3,6,17,12
Aluno_2034,16,5,20,2,11
Aluno_2035,15,9,1,19,9
Aluno_2036,4,17,10,14,13
Aluno_2037,14,14,9,4,1
Aluno_2038,2,7,2,12,2
Aluno_2039,6,8,19,18,8
Aluno_2040,10,4,9,11,10
Aluno_2041,9,9,17,20,10
Aluno_2042,8,19,13,4,9
Aluno_2043,13,5,17,5,13
Aluno_2044,12,15,7,6,8
Aluno_2045,1,2,9,9,19
Aluno_2046,2,9,12,15,20
Aluno_2047,6,10,20,7,9
Aluno_2048,20,10,7,8,8
Aluno_2049,17,16,3,3,4
Aluno_2050,2,3,3,20,7
Aluno_2051,9,3,4,20,10
Aluno_2052,6,16,0,7,0
Aluno_2053,8,8,16,6,20
Aluno_2054,16,18,1,14,9
Aluno_2055,10,4,7,20,0
Aluno_2056,6,5,6,2,6
Aluno_2057,13,2,14,16,13
Aluno_2058,18,0,4,10,4
Aluno_2059,3,19,1,8,16
Aluno_2060,5,15,6,4,20
Aluno_2061,9,10,7,9,5
Aluno_2062,6,12,6,14,15
Aluno_2063,12,9,6,13,10
Aluno_2064,13,2,13,3,9
Aluno_2065,3,8,20,20,14
Aluno_2066,7,11,17,19,6
Aluno_2067,4,13,5,1,1
Aluno_2068,0,0,3,11,11
Aluno_2069,3,17,9,0,18
Aluno_2070,2,16,17,19,11
Aluno_2071,8,8,11,4,15
Aluno_2072,7,8,15,5,5
Aluno_2073,0,9,6,10,2
Aluno_2074,5,18,5,7,1
Aluno_2075,8,14,4,6,19
Aluno_2076,6,4,2,3,4
Aluno_2077,3,14,11,5,10
Aluno_2078,12,19,14,15,2
Aluno_2079,16,1,9,19,2
Aluno_2080,1,12,19,14,4
Aluno_2081,4,15,18,13,10
Aluno_2082,11,14,15,11,2
Aluno_2083,20,9,10,11,12
Aluno_2084,7,13,7,15,20
Aluno_2085,5,9,2,14,7
Aluno_2086,7,13,6,12,19
Aluno_2087,17,8,6,10,9
Aluno_2088,2,13,13,16,1
Aluno_2089,11,2,1,20,3
Aluno_2090,2,19,9,14,17
Aluno_2091,5,15,18,13,18
Aluno_2092,1,1,8,9,3
Aluno_2093,11,9,15,11,19
Aluno_2094,1,2,18,15,8
Aluno_2095,5,10,17,14,15
Aluno_2096,16,10,8,9,5
Aluno_2097,2,20,15,3,3
Aluno_2098,1,20,12,8,8
Aluno_2099,19,12,9,20,12
Aluno_2100,7,6,19,19,8
Aluno_2101,11,16,13,8,5
Aluno_2102,3,1,11,20,20
Aluno_2103,4,11,18,19,18
Aluno_2104,12,9,6,10,13
Aluno_2105,14,17,14,10,20
Aluno_2106,15,10,15,6,14
Aluno_2107,9,15,7,20,2
Aluno_2108,15,16,9,9,4
Aluno_2109,11,18,3,3,20
Aluno_2110,16,17,18,4,17
Aluno_2111,15,2,18,4,13
Aluno_2112,11,20,20,10,15
Aluno_2113,7,15,14,8,13
Aluno_2114,19,5,13,15,8
Aluno_2115,2,11,0,8,14
Aluno_2116,15,10,15,3,6
Aluno_2117,12,14,9,1,13
Aluno_2118,18,14,18,13,5
Aluno_2119,7,15,2,2,20
Aluno_2120,4,9,4,17,14
Aluno_2121,19,11,8,20,19
Aluno_2122,7,12,17,5,7
Aluno_2123,11,3,10,10,1
Aluno_2124,0,6,15,20,7
Aluno_2125,20,1,1,17,0
Aluno_2126,19,14,11,11,16
Aluno_2127,5,7,5,4,18
Aluno_2128,17,6,10,8,4
Aluno_2129,7,14,7,19,19
Aluno_2130,6,13,11,17,15
Aluno_2131,0,7,1,18,6
Aluno_2132,20,11,8,2,6
Aluno_2133,15,12,14,8,17
Aluno_2134,11,10,1,3,17
Aluno_2135,5,16,0,16,1
Aluno_2136,19,16,9,16,14
Aluno_2137,1,3,1,1,13
Aluno_2138,13,20,11,8,17
Aluno_2139,3,7,7,8,8
Aluno_2140,0,4,4,4,13
Aluno_2141,17,15,0,14,4
Aluno_2142,12,3,14,14,10
Aluno_2143,1,14,5,2,7
Aluno_2144,8,11,11,18,4
Aluno_2145,20,4,7,2,10
Aluno_2146,1,15,12,5,4
Aluno_2147,8,13,18,3,16
Aluno_2148,0,9,0,12,3
Aluno_2149,10,6,10,12,14
Aluno_2150,2,12,19,10,18
Aluno_2151,19,19,0,4,1
Aluno_2152,3,4,7,0,16
Aluno_2153,17,2,4,8,11
Aluno_2154,5,14,16,16,16
Aluno_2155,2,3,7,0,9
Aluno_2156,10,14,9,2,17
Aluno_2157,14,13,1,14,18
Aluno_2158,4,19,8,20,17
Aluno_2159,19,18,2,9,12
Aluno_2160,9,12,17,7,13
Aluno_2161,11,9,6,11,15
Aluno_2162,14,20,14,14,17
Aluno_2163,16,4,20,8,17
Aluno_2164,9,19,19,9,15
Aluno_2165,5,19,17,19,16
Aluno_2166,17,5,2,8,6
Aluno_2167,12,3,13,14,11
Aluno_2168,2,1,1,20,1
Aluno_2169,9,15,13,20,9
Aluno_2170,13,17,10,0,4
Aluno_2171,5,4,15,1,20
Aluno_2172,2,3,7,18,2
Aluno_2173,15,12,6,13,18
Aluno_2174,6,18,10,7,12
Aluno_2175,19,1,2,5,11
Aluno_2176,13,12,16,11,2
Aluno_2177,8,10,13,14,5
Aluno_2178,14,3,5,13,13
Aluno_2179,20,19,7,20,3
Aluno_2180,2,19,4,0,12
Aluno_2181,1,14,7,10,18
Aluno_2182,1,3,1,2,17
Aluno_2183,2,8,14,18,2
Aluno_2184,17,6,11,17,19
Aluno_2185,13,18,16,19,5
Aluno_2186,19,18,0,1,15
Aluno_2187,17,5,14,6,19
Aluno_2188,9,5,13,7,2
Aluno_2189,1,19,19,18,11
Aluno_2190,0,14,15,14,18
Aluno_2191,3,14,8,9,18
Aluno_2192,13,19,0,0,3
Aluno_2193,0,8,16,5,0
Aluno_2194,13,3,12,12,1
Aluno_2195,15,17,20,13,12
Aluno_2196,13,17,20,2,12
Aluno_2197,19,4,4,10,1
Aluno_2198,2,19,9,2,18
Aluno_2199,2,10,5,18,15
Aluno_2200,8,4,18,9,11
Aluno_2201,5,3,12,14,0
Aluno_2202,12,11,0,10,8
Aluno_2203,20,1,19,14,16
Aluno_2204,1,12,14,12,9
Aluno_2205,7,9,13,4,17
Aluno_2206,20,8,7,3,18
Aluno_2207,1,9,9,12,6
Aluno_2208,3,6,8,8,18
Aluno_2209,14,3,16,16,14
Aluno_2210,3,18,8,1,8
Aluno_2211,12,9,2,4,9
Aluno_2212,11,2,10,15,19
Aluno_2213,12,20,11,6,19
Aluno_2214,13,18,9,0,3
Aluno_2215,19,20,16,11,5
Aluno_2216,17,1,16,20,3
Aluno_2217,5,19,10,10,4
Aluno_2218,10,9,3,11,8
Aluno_2219,1,1,6,18,11
Aluno_2220,18,1,20,11,7
Aluno_2221,18,16,13,11,20
Aluno_2222,4,15,6,13,4
Aluno_2223,18,15,7,1,10
Aluno_2224,1,13,0,1,10
Aluno_2225,9,6,3,3,12
Aluno_2226,1,20,11,19,13
Aluno_2227,10,10,2,15,7
Aluno_2228,17,0,12,9,17
Aluno_2229,14,10,19,12,18
Aluno_2230,8,20,5,1,11
Aluno_2231,18,3,10,2,11
Aluno_2232,8,6,3,18,17
Aluno_2233,2,14,19,5,9
Aluno_2234,20,17,15,18,6
Aluno_2235,8,11,6,20,17
Aluno_2236,13,16,10,19,11
Aluno_2237,18,0,0,18,13
Aluno_2238,6,10,6,7,14
Aluno_2239,15,0,11,13,15
Aluno_2240,15,14,6,9,1
Aluno_2241,0,20,6,2,17
Aluno_2242,3,9,9,5,11
Aluno_2243,3,6,15,14,15
Aluno_2244,6,1,7,17,12
Aluno_2245,7,9,8,13,19
Aluno_2246,16,3,8,18,16
Aluno_2247,4,11,1,9,17
Aluno_2248,6,18,12,14,2
Aluno_2249,19,10,12,3,9
Aluno_2250,19,7,3,1,0
Aluno_2251,3,17,11,2,5
Aluno_2252,5,10,16,6,2
Aluno_2253,6,10,1,15,18
Aluno_2254,17,12,12,9,3
Aluno_2255,4,2,17,18,19
Aluno_2256,19,11,14,16,2
Aluno_2257,2,2,7,18,7
Aluno_2258,6,9,14,4,7
Aluno_2259,13,16,0,19,6
Aluno_2260,6,1,19,12,1
Aluno_2261,4,16,9,12,20
Aluno_2262,4,15,11,10,5
Aluno_2263,1,1,4,10,15
Aluno_2264,20,19,8,15,9
Aluno_2265,5,5,7,14,3
Aluno_2266,14,9,15,16,12
Aluno_2267,20,9,13,17,9
Aluno_2268,9,7,12,18,20
Aluno_2269,6,0,20,3,13
Aluno_2270,4,12,12,4,8
Aluno_2271,0,8,4,6,10
Aluno_2272,12,9,15,1,17
Aluno_2273,20,14,10,0,10
Aluno_2274,17,4,4,11,16
Aluno_2275,12,15,12,9,1
Aluno_2276,20,12,10,7,2
Aluno_2277,20,19,18,0,10
Aluno_2278,17,17,2,11,17
Aluno_2279,4,10,14,1,2
Aluno_2280,12,8,6,9,14
Aluno_2281,3,15,6,16,10
Aluno_2282,16,1,5,2,10
Aluno_2283,2,1,2,6,19
Aluno_2284,16,11,12,11,10
Aluno_2285,10,7,6,7,18
Aluno_2286,20,8,4,19,0
Aluno_2287,19,11,17,11,4
Aluno_2288,20,8,7,2,9
Aluno_2289,3,9,16,16,9
Aluno_2290,1,1,19,8,13
Aluno_2291,19,15,0,9,1
Aluno_2292,15,19,13,5,3
Aluno_2293,17,6,16,0,1
Aluno_2294,7,1,9,11,17
Aluno_2295,2,0,11,4,12
Aluno_2296,8,18,15,12,18
Aluno_2297,19,3,13,14,4
Aluno_2298,5,1,15,10,19
Aluno_2299,9,13,7,7,1
Aluno_2300,20,1,9,4,10
Aluno_2301,9,14,16,1,17
Aluno_2302,12,11,17,11,5
Aluno_2303,16,4,19,1,9
Aluno_2304,8,19,15,15,16
Aluno_2305,16,6,16,20,10
Aluno_2306,8,20,15,2,18
Aluno_2307,8,9,18,9,16
Aluno_2308,0,13,7,18,3
Aluno_2309,1,13,5,7,13
Aluno_2310,15,4,5,6,19
Aluno_2311,0,17,20,0,3
Aluno_2312,9,13,8,11,13
Aluno_2313,17,1,3,4,3
Aluno_2314,7,11,11,15,5
Aluno_2315,20,5,11,3,8
Aluno_2316,10,3,16,16,20
Aluno_2317,1,12,14,20,11
Aluno_2318,7,3,8,1,7
Aluno_2319,7,13,6,11,3
Aluno_2320,16,15,9,0,4
Aluno_2321,14,3,15,11,5
Aluno_2322,16,0,11,11,4
Aluno_2323,12,12,6,11,18
Aluno_2324,18,3,17,18,7
Aluno_2325,4,19,14,16,8
Aluno_2326,11,17,5,19,14
Aluno_2327,0,5,11,10,3
Aluno_2328,4,2,10,12,8
Aluno_2329,7,12,19,7,6
Aluno_2330,12,15,2,9,7
Aluno_2331,7,4,1,7,14
Aluno_2332,10,3,5,19,18
Aluno_2333,0,20,4,7,14
Aluno_2334,12,7,17,8,4
Aluno_2335,18,18,15,6,18
Aluno_2336,2,13,7,13,6
Aluno_2337,16,6,19,1,5
Aluno_2338,4,13,10,10,18
Aluno_2339,19,5,9,7,16
Aluno_2340,20,11,11,12,9
Aluno_2341,7,15,20,20,18
Aluno_2342,13,16,5,14,10
Aluno_2343,3,12,19,2,14
Aluno_2344,10,13,4,13,9
Aluno_2345,19,6,8,14,10
Aluno_2346,14,13,15,1,2
Aluno_2347,18,14,13,18,2
Aluno_2348,6,11,7,11,17
Aluno_2349,18,16,19,19,10
Aluno_2350,18,8,18,3,19
Aluno_2351,10,14,13,2,17
Aluno_2352,4,11,6,4,14
Aluno_2353,4,1,4,2,6
Aluno_2354,7,4,17,14,9
Aluno_2355,9,12,1,18,20
Aluno_2356,5,19,10,1,19
Aluno_2357,14,7,7,11,9
Aluno_2358,15,13,0,4,12
Aluno_2359,16,14,11,16,14
Aluno_2360,7,10,1,13,17
Aluno_2361,7,0,17,9,3
Aluno_2362,8,20,6,2,19
Aluno_2363,1,2,16,3,16
Aluno_2364,14,16,13,5,2
Aluno_2365,17,18,6,15,20
Aluno_2366,2,13,2,6,20
Aluno_2367,16,7,5,14,1
Aluno_2368,3,12,19,20,3
Aluno_2369,3,19,1,19,0
Aluno_2370,13,2,16,10,14
Aluno_2371,8,4,11,20,0
Aluno_2372,8,8,11,0,5
Aluno_2373,17,5,16,4,6
Aluno_2374,9,1,9,12,18
Aluno_2375,20,12,2,20,11
Aluno_2376,3,4,19,13,0
Aluno_2377,11,7,17,8,6
Aluno_2378,7,0,12,16,18
Aluno_2379,1,19,11,14,12
Aluno_2380,12,11,16,20,11
Aluno_2381,20,10,3,6,11
Aluno_2382,15,6,9,11,12
Aluno_2383,1,14,10,5,13
Aluno_2384,10,10,5,20,11
Aluno_2385,9,15,5,15,19
Aluno_2386,14,2,8,4,11
Aluno_2387,16,19,14,8,5
Aluno_2388,7,13,1,13,9
Aluno_2389,17,2,3,7,19
Aluno_2390,8,0,4,13,8
Aluno_2391,7,20,16,11,1
Aluno_2392,13,14,7,9,6
Aluno_2393,17,0,7,19,8
Aluno_2394,19,16,11,19,11
Aluno_2395,19,1,20,20,4
Aluno_2396,20,19,7,12,0
Aluno_2397,11,5,18,18,14
Aluno_2398,18,7,2,14,7
Aluno_2399,13,15,17,7,0
Aluno_2400,16,18,20,20,17
Aluno_2401,20,0,18,9,12
Aluno_2402,2,2,18,2,0
Aluno_2403,6,2,14,20,4
Aluno_2404,16,4,5,2,17
Aluno_2405,11,11,15,4,15
Aluno_2406,8,11,7,15,9
Aluno_2407,14,19,15,16,3
Aluno_2408,17,12,17,5,0
Aluno_2409,20,19,19,19,7
Aluno_2410,12,8,15,19,4
Aluno_2411,20,6,10,15,1
Aluno_2412,7,3,6,1,16
Aluno_2413,13,18,16,19,6
Aluno_2414,7,18,16,14,16
Aluno_2415,13,5,11,17,5
Aluno_2416,6,12,12,0,14
Aluno_2417,11,10,9,18,4
Aluno_2418,10,12,6,11,14
Aluno_2419,10,12,13,7,17
Aluno_2420,12,19,0,5,17
Aluno_2421,17,14,16,11,20
Aluno_2422,1,20,3,6,20
Aluno_2423,20,12,20,17,5
Aluno_2424,14,10,4,13,1
Aluno_2425,19,18,19,7,16
Aluno_2426,17,7,6,19,20
Aluno_2427,14,19,9,13,3
Aluno_2428,18,7,16,4,11
Aluno_2429,11,9,6,8,18
Aluno_2430,12,15,0,7,1
Aluno_2431,10,18,6,1,1
Aluno_2432,4,10,10,15,13
Aluno_2433,0,12,8,12,14
Aluno_2434,2,8,11,6,19
Aluno_2435,18,19,2,15,1
Aluno_2436,6,18,3,6,3
Aluno_2437,11,15,3,13,18
Aluno_2438,14,6,12,13,8
Aluno_2439,4,18,18,11,6
Aluno_2440,14,11,9,0,12
Aluno_2441,7,14,4,0,11
Aluno_2442,9,13,6,11,2
Aluno_2443,15,10,15,19,12
Aluno_2444,7,9,0,20,14
Aluno_2445,0,10,11,14,13
Aluno_2446,11,5,1,3,8
Aluno_2447,4,1,6,6,12
Aluno_2448,2,10,10,15,3
Aluno_2449,0,18,12,2,20
Aluno_2450,3,5,1,6,7
Aluno_2451,7,13,6,5,2
Aluno_2452,2,19,14,15,1
Aluno_2453,9,5,10,7,18
Aluno_2454,1,16,1,5,7
Aluno_2455,10,9,6,9,16
Aluno_2456,9,0,3,15,12
Aluno_2457,20,2,10,10,6
Aluno_2458,13,7,1,12,8
Aluno_2459,6,7,15,5,11
Aluno_2460,1,19,6,0,13
Aluno_2461,8,14,12,20,13
Aluno_2462,15,6,4,18,14
Aluno_2463,12,10,16,11,2
Aluno_2464,8,6,20,5,14
Aluno_2465,19,3,11,17,18
Aluno_2466,3,11,18,12,19
Aluno_2467,9,5,6,6,13
Aluno_2468,11,13,5,12,7
Aluno_2469,16,11,7,20,4
Aluno_2470,13,10,12,7,18
Aluno_2471,13,18,4,20,3
Aluno_2472,1,20,1,16,13
Aluno_2473,20,4,8,8,15
Aluno_2474,19,13,10,19,19
Aluno_2475,10,20,5,12,5
Aluno_2476,15,15,6,1,5
Aluno_2477,18,12,6,3,2
Aluno_2478,5,19,18,1,14
Aluno_2479,18,3,5,3,2
Aluno_2480,4,10,10,17,10
Aluno_2481,3,16,10,4,2
Aluno_2482,14,6,6,18,9
Aluno_2483,3,13,1,9,17
Aluno_2484,19,10,18,17,0
Aluno_2485,9,8,3,20,15
Aluno_2486,2,12,5,9,15
Aluno_2487,4,17,16,4,9
Aluno_2488,5,10,4,16,0
Aluno_2489,20,14,6,12,3
Aluno_2490,7,18,8,16,2
Aluno_2491,6,0,0,8,4
Aluno_2492,20,3,0,11,11
Aluno_2493,9,13,18,13,11
Aluno_2494,5,13,5,13,12
Aluno_2495,13,2,17,7,11
Aluno_2496,3,16,9,4,15
Aluno_2497,12,2,10,18,12
Aluno_2498,19,15,0,13,4
Aluno_2499,16,13,0,8,3
Aluno_2500,6,19,12,6,20
Aluno_2501,3,12,4,7,14
Aluno_2502,13,14,19,13,11
Aluno_2503,2,13,0,13,18
Aluno_2504,4,18,19,10,20
Aluno_2505,15,5,2,13,18
Aluno_2506,19,9,17,20,20
Aluno_2507,3,14,8,7,10
Aluno_2508,1,20,13,2,20
Aluno_2509,17,19,16,17,5
Aluno_2510,18,5,13,2,8
Aluno_2511,18,9,3,12,0
Aluno_2512,16,6,4,11,11
Aluno_2513,13,16,20,14,13
Aluno_2514,18,17,16,17,5
Aluno_2515,12,16,1,4,0
Aluno_2516,11,8,4,6,1
Aluno_2517,5,9,3,10,10
Aluno_2518,20,9,3,10,2
Aluno_2519,3,6,5,14,9
Aluno_2520,18,15,19,9,5
Aluno_2521,15,17,20,14,5
Aluno_2522,12,5,12,12,19
Aluno_2523,3,19,4,13,20
Aluno_2524,16,0,6,16,1
Aluno_2525,0,0,19,12,9
Aluno_2526,17,11,0,9,5
Aluno_2527,19,20,13,0,16
Aluno_2528,16,1,3,0,13
Aluno_2529,14,3,16,14,4
Aluno_2530,10,16,20,15,16
Aluno_2531,12,3,13,11,1
Aluno_2532,0,10,15,5,8
Aluno_2533,16,3,13,5,11
Aluno_2534,5,0,15,11,18
Aluno_2535,3,6,19,14,6
Aluno_2536,19,17,7,3,8
Aluno_2537,15,8,2,3,20
Aluno_2538,14,2,18,1,15
Aluno_2539,14,7,0,11,19
Aluno_2540,5,18,1,6,10
Aluno_2541,14,3,14,19,11
Aluno_2542,13,17,9,8,14
Aluno_2543,10,19,17,8,17
Aluno_2544,6,10,13,7,18
Aluno_2545,8,13,16,13,15
Aluno_2546,15,17,12,0,14
Aluno_2547,4,15,0,20,4
Aluno_2548,19,2,4,11,10
Aluno_2549,9,14,12,1,14
Aluno_2550,17,3,13,12,17
Aluno_2551,2,4,2,3,12
Aluno_2552,12,16,14,19,3
Aluno_2553,10,6,18,17,16
Aluno_2554,16,15,16,18,3
Aluno_2555,12,13,2,15,15
Aluno_2556,5,15,15,13,14
Aluno_2557,16,6,13,7,13
Aluno_2558,12,8,11,11,11
Aluno_2559,18,3,11,8,2
Aluno_2560,20,10,10,5,9
Aluno_2561,18,1,16,17,7
Aluno_2562,9,11,7,1,5
Aluno_2563,2,11,16,7,13
Aluno_2564,13,3,20,13,16
Aluno_2565,18,17,19,5,20
Aluno_2566,4,20,10,9,18
Aluno_2567,4,6,1,7,15
Aluno_2568,19,0,9,16,14
Aluno_2569,16,12,9,11,14
Aluno_2570,20,5,10,16,0
Aluno_2571,9,5,5,12,11
Aluno_2572,4,11,3,18,9
Aluno_2573,3,7,11,11,13
Aluno_2574,5,18,10,15,9
Aluno_2575,3,4,12,4,9
Aluno_2576,6,17,4,15,19
Aluno_2577,6,4,5,5,10
Aluno_2578,17,9,0,10,15
Aluno_2579,2,0,5,16,8
Aluno_2580,0,9,17,13,14
Aluno_2581,3,4,8,5,13
Aluno_2582,5,11,14,10,18
Aluno_2583,8,6,7,11,8
Aluno_2584,13,8,18,12,3
Aluno_2585,11,20,15,3,20
Aluno_2586,19,11,5,6,6
Aluno_2587,3,0,5,1,7
Aluno_2588,20,10,2,5,7
Aluno_2589,11,20,9,5,18
Aluno_2590,9,14,0,17,14
Aluno_2591,6,1,13,19,15
Aluno_2592,2,19,3,7,8
Aluno_2593,13,6,11,7,11
Aluno_2594,9,20,5,7,15
Aluno_2595,15,11,10,7,3
Aluno_2596,15,17,11,0,4
Aluno_2597,9,2,9,1,7
Aluno_2598,12,6,17,11,0
Aluno_2599,5,10,6,14,5
Aluno_2600,11,17,6,3,14
Aluno_2601,8,11,10,2,3
Aluno_2602,12,5,3,13,20
Aluno_2603,3,4,19,7,10
Aluno_2604,10,0,0,12,4
Aluno_2605,19,11,12,18,17
Aluno_2606,17,10,17,4,14
Aluno_2607,10,3,8,12,17
Aluno_2608,20,17,8,19,19
Aluno_2609,3,3,8,0,12
Aluno_2610,17,16,9,15,4
Aluno_2611,0,1,1,1,0
Aluno_2612,6,1,5,6,17
Aluno_2613,5,11,14,5,13
Aluno_2614,14,5,2,4,4
Aluno_2615,17,9,10,3,5
Aluno_2616,10,20,5,1,15
Aluno_2617,19,15,2,9,20
Aluno_2618,14,13,10,4,11
Aluno_2619,15,6,14,17,19
Aluno_2620,6,18,12,9,17
Aluno_2621,20,16,19,14,1
Aluno_2622,9,8,9,8,20
Aluno_2623,11,12,5,10,12
Aluno_2624,13,4,14,20,16
Aluno_2625,4,4,17,16,16
Aluno_2626,20,9,17,20,15
Aluno_2627,17,20,6,8,20
Aluno_2628,4,9,14,15,17
Aluno_2629,2,6,17,5,7
Aluno_2630,4,14,17,10,2
Aluno_2631,16,6,19,16,16
Aluno_2632,18,14,8,3,17
Aluno_2633,18,2,1,14,5
Aluno_2634,20,18,7,0,7
Aluno_2635,11,9,19,19,12
Aluno_2636,8,14,1,0,7
Aluno_2637,0,2,10,8,18
Aluno_2638,17,5,6,11,5
Aluno_2639,20,11,5,3,14
Aluno_2640,3,14,9,12,9
Aluno_2641,9,5,4,6,16
Aluno_2642,6,12,10,7,0
Aluno_2643,0,18,0,12,6
Aluno_2644,16,2,1,10,12
Aluno_2645,1,7,0,8,2
Aluno_2646,10,7,18,15,18
Aluno_2647,8,19,1,9,14
Aluno_2648,6,14,20,10,4
Aluno_2649,16,3,19,11,10
Aluno_2650,16,18,20,13,17
Aluno_2651,1,20,3,18,2
Aluno_2652,5,2,11,11,5
Aluno_2653,13,12,19,17,2
Aluno_2654,5,7,17,20,4
Aluno_2655,1,15,0,16,8
Aluno_2656,0,12,0,2,18
Aluno_2657,9,2,13,0,12
Aluno_2658,20,15,3,18,5
Aluno_2659,4,8,4,3,10
Aluno_2660,1,13,10,15,20
Aluno_2661,15,12,12,11,20
Aluno_2662,1,20,15,20,13
Aluno_2663,9,6,12,20,5
Aluno_2664,1,14,1,12,5
Aluno_2665,15,6,15,16,16
Aluno_2666,15,5,5,7,10
Aluno_2667,18,1,13,12,14
Aluno_2668,6,8,0,19,8
Aluno_2669,11,16,16,4,20
Aluno_2670,14,4,10,17,16
Aluno_2671,7,11,18,14,6
Aluno_2672,5,0,2,11,6
Aluno_2673,9,9,10,16,20
Aluno_2674,2,10,4,14,0
Aluno_2675,18,15,16,1,7
Aluno_2676,16,13,6,5,4
Aluno_2677,6,7,9,16,18
Aluno_2678,20,16,10,15,7
Aluno_2679,19,17,2,16,16
Aluno_2680,3,11,19,19,18
Aluno_2681,13,16,9,8,11
Aluno_2682,19,13,9,4,14
Aluno_2683,14,15,13,0,3
Aluno_2684,7,13,11,5,11
Aluno_2685,20,8,14,13,12
Aluno_2686,14,3,9,16,13
Aluno_2687,19,10,9,18,4
Aluno_2688,13,5,18,0,15
Aluno_2689,8,14,0,0,6
Aluno_2690,7,4,9,12,14
Aluno_2691,16,10,1,13,12
Aluno_2692,1,17,16,5,15
Aluno_2693,2,12,6,5,11
Aluno_2694,7,10,6,0,6
Aluno_2695,11,13,19,13,15
Aluno_2696,0,17,8,2,12
Aluno_2697,9,18,1,9,2
Aluno_2698,19,14,13,18,14
Aluno_2699,2,8,16,18,2
Aluno_2700,5,7,0,18,6
Aluno_2701,6,19,8,3,17
Aluno_2702,19,0,19,19,13
Aluno_2703,17,3,20,18,17
Aluno_2704,10,13,18,9,18
Aluno_2705,18,1,3,1,13
Aluno_2706,4,15,7,3,19
Aluno_2707,18,2,12,5,5
Aluno_2708,10,7,3,6,7
Aluno_2709,11,5,8,15,6
Aluno_2710,9,15,8,6,19
Aluno_2711,7,15,17,17,17
Aluno_2712,8,6,11,19,17
Aluno_2713,3,12,9,18,14
Aluno_2714,4,12,10,8,19
Aluno_2715,20,4,6,19,18
Aluno_2716,7,19,8,9,20
Aluno_2717,8,17,5,12,20
Aluno_2718,14,14,18,17,1
Aluno_2719,14,17,15,15,7
Aluno_2720,15,1,14,16,20
Aluno_2721,13,9,6,12,10
Aluno_2722,7,12,15,11,17
Aluno_2723,17,17,4,9,12
Aluno_2724,9,14,15,0,8
Aluno_2725,19,11,0,7,8
Aluno_2726,5,14,18,20,16
Aluno_2727,11,12,4,17,6
Aluno_2728,1,17,6,1,8
Aluno_2729,6,14,18,15,0
Aluno_2730,15,10,4,11,1
Aluno_2731,2,18,16,8,3
Aluno_2732,12,2,7,2,13
Aluno_2733,2,6,0,20,3
Aluno_2734,17,20,1,3,1
Aluno_2735,10,13,14,1,7
Aluno_2736,7,13,19,7,17
Aluno_2737,5,12,17,9,18
Aluno_2738,0,11,10,15,13
Aluno_2739,0,8,9,10,19
Aluno_2740,7,0,3,17,9
Aluno_2741,4,18,4,13,16
Aluno_2742,15,10,3,7,7
Aluno_2743,10,18,12,14,13
Aluno_2744,4,17,12,16,20
Aluno_2745,3,11,17,20,7
Aluno_2746,5,0,1,17,4
Aluno_2747,13,18,15,5,15
Aluno_2748,18,19,0,13,7
Aluno_2749,8,16,18,2,9
Aluno_2750,11,4,8,6,7
Aluno_2751,10,2,2,14,8
Aluno_2752,13,1,6,20,17
Aluno_2753,15,2,9,15,2
Aluno_2754,0,7,0,15,16
Aluno_2755,12,15,9,7,19
Aluno_2756,20,5,20,6,14
Aluno_2757,20,12,8,5,20
Aluno_2758,12,15,14,1,16
Aluno_2759,1,15,14,12,7
Aluno_2760,3,2,2,11,1
Aluno_2761,5,12,4,14,16
Aluno_2762,4,13,8,8,17
Aluno_2763,2,7,8,1,4
Aluno_2764,0,11,6,16,8
Aluno_2765,3,20,11,4,8
Aluno_2766,19,7,8,10,1
Aluno_2767,1,20,5,18,1
Aluno_2768,4,8,1,6,18
Aluno_2769,2,0,8,1,2
Aluno_2770,8,5,16,15,16
Aluno_2771,19,18,0,11,13
Aluno_2772,5,10,18,14,13
Aluno_2773,17,10,5,0,13
Aluno_2774,5,12,4,12,5
Aluno_2775,18,10,1,5,2
Aluno_2776,11,17,8,12,0
Aluno_2777,10,14,13,17,15
Aluno_2778,1,0,3,2,3
Aluno_2779,14,20,3,0,0
Aluno_2780,11,6,20,14,16
Aluno_2781,11,12,14,12,17
Aluno_2782,8,11,7,4,7
Aluno_2783,20,17,3,12,1
Aluno_2784,1,18,15,4,17
Aluno_2785,2,14,20,18,15
Aluno_2786,11,7,3,20,9
Aluno_2787,15,18,15,17,7
Aluno_2788,20,9,11,20,11
Aluno_2789,0,6,15,9,15
Aluno_2790,20,17,18,7,11
Aluno_2791,2,15,7,14,10
Aluno_2792,19,19,5,20,19
Aluno_2793,1,5,9,19,18
Aluno_2794,8,8,4,3,0
Aluno_2795,18,20,17,1,2
Aluno_2796,14,12,9,5,11
Aluno_2797,17,20,9,2,8
Aluno_2798,10,7,6,6,20
Aluno_2799,15,15,17,9,4
Aluno_2800,16,12,0,5,0
Aluno_2801,4,12,6,15,9
Aluno_2802,11,16,20,1,16
Aluno_2803,10,19,0,16,3
Aluno_2804,14,4,14,12,14
Aluno_2805,2,20,3,0,18
Aluno_2806,0,16,19,5,7
Aluno_2807,19,8,9,4,14
Aluno_2808,15,1,8,12,6
Aluno_2809,1,17,1,17,14
Aluno_2810,1,8,13,11,7
Aluno_2811,2,5,15,6,9
Aluno_2812,7,10,0,14,17
Aluno_2813,14,5,1,2,3
Aluno_2814,6,5,6,15,14
Aluno_2815,5,12,9,0,10
Aluno_2816,8,10,19,15,2
Aluno_2817,19,13,0,11,14
Aluno_2818,0,1,12,18,2
Aluno_2819,7,7,0,7,14
Aluno_2820,2,2,4,11,5
Aluno_2821,3,20,15,14,0
Aluno_2822,14,2,14,1,13
Aluno_2823,5,0,16,16,15
Aluno_2824,14,18,15,6,0
Aluno_2825,20,17,12,12,20
Aluno_2826,2,16,10,0,16
Aluno_2827,20,19,16,5,7
Aluno_2828,20,12,16,12,17
Aluno_2829,13,2,1,10,15
Aluno_2830,19,0,12,9,5
Aluno_2831,13,3,13,15,9
Aluno_2832,3,12,10,19,9
Aluno_2833,11,16,9,16,4
Aluno_2834,16,10,2,16,11
Aluno_2835,6,1,16,3,19
Aluno_2836,8,15,14,4,16
Aluno_2837,2,1,8,13,13
Aluno_2838,12,18,9,19,13
Aluno_2839,14,18,7,9,2
Aluno_2840,17,15,20,13,11
Aluno_2841,18,18,12,0,19
Aluno_2842,0,8,17,10,17
Aluno_2843,5,0,4,17,11
Aluno_2844,1,9,5,15,1
Aluno_2845,13,18,16,17,1
Aluno_2846,5,0,10,7,16
Aluno_2847,13,1,19,9,9
Aluno_2848,3,15,15,9,17
Aluno_2849,20,11,8,4,18
Aluno_2850,7,7,1,9,20
Aluno_2851,2,17,4,17,0
Aluno_2852,18,1,0,20,3
Aluno_2853,13,12,3,5,3
Aluno_2854,19,5,3,2,1
Aluno_2855,16,20,2,7,18
Aluno_2856,7,5,8,8,20
Aluno_2857,13,8,11,4,11
Aluno_2858,5,15,9,1,9
Aluno_2859,15,10,1,1,12
Aluno_2860,18,6,10,6,19
Aluno_2861,13,9,9,16,14
Aluno_2862,18,9,5,9,2
Aluno_2863,2,19,17,11,19
Aluno_2864,9,17,1,1,12
Aluno_2865,18,19,1,9,7
Aluno_2866,8,8,9,19,6
Aluno_2867,19,14,15,0,7
Aluno_2868,12,3,11,3,17
Aluno_2869,6,7,0,12,8
Aluno_2870,13,8,20,11,5
Aluno_2871,8,12,7,10,3
Aluno_2872,18,8,15,9,14
Aluno_2873,14,3,17,14,4
Aluno_2874,19,16,12,4,4
Aluno_2875,13,15,14,16,6
Aluno_2876,5,14,20,4,8
Aluno_2877,20,2,11,1,6
Aluno_2878,3,19,7,8,8
Aluno_2879,7,4,9,5,19
Aluno_2880,16,4,13,17,9
Aluno_2881,8,19,4,13,3
Aluno_2882,0,14,17,18,5
Aluno_2883,19,17,18,13,13
Aluno_2884,13,14,14,7,8
Aluno_2885,10,1,5,16,0
Aluno_2886,20,12,10,2,16
Aluno_2887,2,3,20,9,12
Aluno_2888,8,9,10,16,6
Aluno_2889,13,12,19,10,8
Aluno_2890,8,9,19,7,10
Aluno_2891,3,8,20,0,2
Aluno_2892,3,7,17,12,11
Aluno_2893,7,2,17,20,20
Aluno_2894,1,15,9,3,2
Aluno_2895,8,13,1,6,14
Aluno_2896,13,8,8,13,20
Aluno_2897,8,20,13,4,9
Aluno_2898,15,10,18,10,0
Aluno_2899,16,2,9,16,13
Aluno_2900,15,4,3,4,19
Aluno_2901,11,9,5,19,5
Aluno_2902,2,12,13,2,1
Aluno_2903,10,3,3,4,7
Aluno_2904,13,12,14,14,0
Aluno_2905,17,11,15,18,3
Aluno_2906,20,4,6,15,3
Aluno_2907,20,9,16,7,4
Aluno_2908,4,8,18,12,19
Aluno_2909,15,19,18,15,8
Aluno_2910,19,6,16,2,12
Aluno_2911,4,1,5,0,17
Aluno_2912,2,6,10,8,16
Aluno_2913,11,7,15,8,0
Aluno_2914,0,6,7,16,14
Aluno_2915,20,20,10,1,1
Aluno_2916,8,13,6,8,15
Aluno_2917,8,18,18,18,19
Aluno_2918,3,4,9,12,4
Aluno_2919,2,17,8,4,18
Aluno_2920,16,19,3,8,4
Aluno_2921,1,11,14,12,1
Aluno_2922,0,16,12,0,6
Aluno_2923,7,12,1,14,2
Aluno_2924,12,1,1,3,16
Aluno_2925,14,12,15,3,2
Aluno_2926,7,6,8,19,12
Aluno_2927,11,9,12,9,6
Aluno_2928,11,5,2,5,2
Aluno_2929,13,2,8,11,14
Aluno_2930,14,2,12,19,17
Aluno_2931,14,17,20,15,9
Aluno_2932,8,10,1,2,6
Aluno_2933,18,19,7,13,8
Aluno_2934,19,4,8,0,4
Aluno_2935,7,18,15,9,19
Aluno_2936,20,18,1,14,7
Aluno_2937,18,14,5,6,13
Aluno_2938,5,15,7,3,3
Aluno_2939,19,8,4,13,19
Aluno_2940,18,3,8,15,13
Aluno_2941,3,14,0,13,11
Aluno_2942,6,11,8,2,1
Aluno_2943,3,2,9,16,12
Aluno_2944,11,13,3,20,0
Aluno_2945,12,16,2,13,19
Aluno_2946,2,18,9,17,6
Aluno_2947,11,5,14,2,8
Aluno_2948,1,3,10,18,16
Aluno_2949,1,6,13,2,20
Aluno_2950,8,18,5,11,12
Aluno_2951,0,16,11,4,9
Aluno_2952,7,15,12,9,15
Aluno_2953,5,14,16,8,5
Aluno_2954,5,7,15,0,15
Aluno_2955,17,18,2,12,10
Aluno_2956,16,7,1,2,19
Aluno_2957,11,17,10,18,2
Aluno_2958,5,15,8,10,8
Aluno_2959,7,19,2,15,14
Aluno_2960,18,18,17,5,12
Aluno_2961,9,9,19,2,9
Aluno_2962,0,16,14,18,19
Aluno_2963,12,12,13,5,12
Aluno_2964,16,12,1,7,16
Aluno_2965,2,6,16,12,6
Aluno_2966,7,9,7,11,5
Aluno_2967,13,1,9,9,12
Aluno_2968,2,3,17,2,16
Aluno_2969,15,5,18,3,14
Aluno_2970,12,17,7,0,3
Aluno_2971,19,5,7,12,14
Aluno_2972,16,16,2,3,13
Aluno_2973,12,13,2,10,20
Aluno_2974,5,10,11,18,10
Aluno_2975,16,18,16,10,3
Aluno_2976,13,1,3,11,2
Aluno_2977,16,2,16,10,1
Aluno_2978,7,10,13,5,19
Aluno_2979,10,5,18,11,9
Aluno_2980,19,13,8,8,12
Aluno_2981,0,18,20,9,19
Aluno_2982,6,15,11,2,20
Aluno_2983,20,20,4,2,17
Aluno_2984,20,6,10,19,20
Aluno_2985,16,7,19,15,15
Aluno_2986,9,18,2,2,10
Aluno_2987,10,19,20,9,9
Aluno_2988,8,15,14,10,8
Aluno_2989,8,6,13,7,11
Aluno_2990,4,8,10,5,18
Aluno_2991,16,12,19,19,0
Aluno_2992,8,0,7,10,17
Aluno_2993,16,7,3,20,13
Aluno_2994,20,3,11,11,20
Aluno_2995,18,2,7,15,0
Aluno_2996,6,2,5,17,16
Aluno_2997,8,12,14,12,10
Aluno_2998,6,7,11,2,19
Aluno_2999,12,6,15,14,14
Aluno_3000,10,0,15,20,3
